split,x,y,target
train,-0.6950377226,0.4777232409,0.5544037819
train,-0.4961693287,0.3680548668,0.4212776423
train,0.4620087147,-0.8436918259,5.4997453690
train,-0.8714685440,-0.0652643442,0.6779714227
train,-0.9626373053,0.3641089201,1.0155864954
train,-0.0109466314,0.5085879564,1.2514196634
train,0.5162998438,0.9138405323,6.2575807571
train,-0.9982161522,-0.5146455765,1.2959656715
train,0.3964114189,0.0747624636,2.5937423706
train,-0.9070526361,0.4589371681,0.9256609082
train,0.6258543730,0.0167129040,2.5171525478
train,-0.6091378927,0.1893277168,0.4041578472
train,0.4482359886,-0.9442939758,6.5436649323
train,0.2812533379,-0.2099105120,2.2638785839
train,-0.2018277645,0.3384273052,0.6200916767
train,-0.3256313801,-0.2753725052,0.4593950212
train,0.8240600824,-0.9235799313,3.9670143127
train,0.3936799765,-0.9747114182,6.6511940956
train,0.0134849548,0.0251353979,1.0439205170
train,0.8697196245,0.7424378395,2.5835642815
train,-0.1319876909,0.5925431252,0.9495532513
train,0.5452384949,-0.4733842611,3.3669607639
train,0.4181069136,-0.2513514757,2.8018071651
train,0.0669687986,-0.1446070671,1.2582869530
train,0.5352654457,-0.5856534243,3.8070666790
train,-0.5150870085,0.9549776316,0.9167736769
train,0.7732906342,-0.9307353497,4.5712671280
train,-0.3880264759,0.1402180195,0.3988772929
train,-0.3343476057,0.9149072170,0.9699031711
train,-0.8697123528,0.6434086561,1.0161262751
train,0.8746322393,-0.2547311783,1.5661783218
train,-0.1614246368,0.6055089235,0.8877813220
train,0.6896739006,0.8329706192,4.5790700912
train,0.1452656984,-0.8369688988,3.1305401325
train,-0.7781074047,0.8143444061,1.0213884115
train,0.0840083361,0.5159897804,1.6940332651
train,0.5804581642,-0.3376271725,2.9512133598
train,-0.1119328737,0.6658058167,1.1039034128
train,-0.2355405092,0.6103425026,0.7395232916
train,-0.2385982275,0.3085904121,0.5564921498
train,0.6636528969,0.3641451597,2.7273275852
train,0.2502871752,-0.3325085640,2.2666578293
train,-0.8404122591,0.6671035290,0.9650347829
train,-0.1914104223,-0.3769271374,0.6546407938
train,-0.2639381886,-0.0051968098,0.4783775508
train,-0.6899502277,0.9534702301,1.0853874683
train,0.1632376909,0.7436817884,2.8397173882
train,0.7202501297,0.4687415361,2.6905100346
train,-0.2019971609,0.1142868996,0.5600169897
train,0.5549240112,-0.5544223785,3.6420054436
train,0.0352724791,0.9318127632,2.6614208221
train,0.4664920568,-0.9524368048,6.6966018677
train,-0.6264300346,-0.4994798899,0.5103437304
train,0.0100671053,-0.2436016798,1.0952287912
train,-0.9890245199,-0.3839917183,1.1196050644
train,0.0492717028,-0.4858249426,1.4772763252
train,-0.1290102005,-0.1058427095,0.6817518473
train,0.0865536928,-0.4114660025,1.5494223833
train,0.4796699286,-0.4036657810,3.1928284168
train,0.4192163944,-0.6147050858,3.8413753510
train,-0.7558246851,0.8214701414,0.9809471965
train,0.9046888351,-0.6947213411,2.1762697697
train,0.6552313566,-0.5651496649,3.3294911385
train,-0.2400752306,-0.1749995947,0.5199126005
train,-0.6132503748,0.6513788700,0.5986499190
train,0.0908290148,-0.9580579996,3.3180136681
train,0.1068465710,-0.3624671698,1.5853145123
train,-0.8855857849,-0.3161324263,0.7773900628
train,0.7891060114,-0.7476078272,3.2350399494
train,0.0593992472,-0.5008780956,1.5471367836
train,-0.8895194530,0.4235411882,0.8514871597
train,-0.2177097797,-0.0068839788,0.5316252708
train,-0.8714647293,0.1772260666,0.6966226101
train,0.0723971128,-0.8720766306,2.6805019379
train,-0.0473543406,-0.3109866381,0.9497967958
train,-0.5751787424,0.5748850107,0.5263726115
train,-0.9238399267,-0.3264521360,0.8777297139
train,-0.0776505470,-0.0714956522,0.7894471288
train,-0.1476141214,0.5766125917,0.8915290236
train,-0.3523542881,-0.4109343290,0.4840955734
train,0.2435768843,-0.1141810417,2.0253298283
train,-0.0161399841,-0.8891181946,2.0956161022
train,0.6179054976,-0.3241229057,2.8214030266
train,-0.8110730648,0.6279747486,0.8479449749
train,0.7773156166,-0.4385293722,2.3075976372
train,0.7704845667,0.5241070986,2.5468504429
train,0.5370678902,-0.6621936560,4.1859240532
train,0.0588722229,-0.8237076998,2.3688254356
train,-0.9764761925,0.5659356117,1.2794730663
train,-0.3594778776,0.8998570442,0.9099325538
train,0.7448809147,0.2648050785,2.2001121044
train,-0.7332211733,0.8571341038,0.9913360476
train,0.5506362915,0.2921024561,2.9232544899
train,-0.4286024570,-0.1604148149,0.3870441020
train,-0.9703317881,0.6378182173,1.3685359955
train,0.6224862337,-0.0843987465,2.5446572304
train,0.5308015347,-0.1937355995,2.8090751171
train,0.2121882439,-0.3100602627,2.0430870056
train,0.1865804195,0.4434971809,2.1166944504
train,-0.8632926941,-0.7179902792,1.1041913033
train,0.0192855597,-0.5722959042,1.4741373062
train,-0.4292846918,-0.2133262157,0.3945868313
train,0.6671276093,-0.9158905745,5.4967441559
train,0.3325419426,0.2473050356,2.5242385864
train,0.2273545265,-0.1842168570,1.9917044640
train,0.0213092566,-0.1020023823,1.0803656578
train,-0.6737037897,0.0267243385,0.4256888926
train,-0.4537961483,-0.0572500229,0.3729890585
train,0.8180648088,0.3999685049,2.0156159401
train,0.9740072489,-0.9531251192,2.6912755966
train,0.7322148085,0.9666879177,5.3654336929
train,0.5131727457,0.6548210382,4.1700768471
train,-0.8947432041,0.0582486391,0.7252147198
train,-0.4180480242,-0.8586206436,0.7946841717
train,0.1494574547,0.0050936937,1.5722333193
train,-0.9931343794,0.9795635939,2.5548093319
train,-0.4651843309,0.4156838655,0.4398896992
train,0.9108181000,0.7374858856,2.2714252472
train,-0.1212536097,0.7090541124,1.1399384737
train,-0.2674840689,-0.5790927410,0.6639740467
train,-0.1026571989,-0.2349153757,0.7696955800
train,0.4653593302,0.1269614697,2.7461593151
train,0.9564203024,0.1581815481,1.1752768755
train,0.3540912867,-0.7748551369,4.4690170288
train,-0.1959971189,0.4459404945,0.6847493649
train,0.5051767826,-0.8922003508,6.0248293877
train,0.5733963251,0.8123745918,5.1216988564
train,-0.1223499775,-0.9227875471,1.6105216742
train,-0.3319872618,-0.5845863819,0.5932365060
train,0.2915140390,-0.7060153484,3.6383092403
train,-0.7377430201,-0.2130720615,0.5023770928
train,-0.8162437677,0.7461271286,1.0110132694
train,-0.5574636459,0.5630061626,0.5133624077
train,-0.0189777613,0.0975077152,0.9511558414
train,-0.5592840910,0.4849221706,0.4735220969
train,0.5152451992,0.7262289524,4.6009454727
train,-0.8777962923,0.0941017866,0.6937126517
train,0.7382359505,0.0083571672,2.0809423923
train,-0.2696487904,-0.5537446737,0.6422691941
train,0.3502917290,0.0886722803,2.4578452110
train,0.4282252789,-0.2150806189,2.7758169174
train,-0.7416386604,0.7835136652,0.8944545984
train,-0.1463506222,-0.0461462736,0.6429963708
train,-0.0907287598,-0.0887717009,0.7608579993
train,-0.4618923664,0.3314635754,0.4135511220
train,-0.1199352741,-0.8267604113,1.3710780144
train,0.7045435905,0.6200324297,3.2706379890
train,-0.4258995056,-0.7845644951,0.6994336843
train,-0.0582756996,0.6797935963,1.3232116699
train,0.7641447783,-0.7443038225,3.4177601337
train,0.4523096085,-0.7190564871,4.5079369545
train,-0.4489421844,-0.7013232708,0.6093828082
train,-0.1677902937,0.5219869614,0.7940700650
train,-0.1558277607,-0.5728373528,0.8675485253
train,0.1141561270,-0.4791358709,1.7870476246
train,-0.0817764997,0.9359942675,1.8626376390
train,0.5435906649,-0.7888075113,5.0171151161
train,-0.7085185051,0.0398198366,0.4532037675
train,-0.2733689547,0.2180809975,0.4918856919
train,-0.2544848919,0.9769164324,1.2679058313
train,-0.0278071165,-0.3837020397,1.0618150234
train,-0.0075124502,-0.9645460844,2.4762623310
train,-0.8889136314,-0.3948000669,0.8302072883
train,0.1504356861,0.4867926836,1.9980602264
train,-0.0270615816,-0.7605853081,1.6381636858
train,0.6247642040,0.9895083904,6.7079243660
train,-0.2499623299,0.1573820114,0.5054762959
train,0.9252240658,0.6290071011,1.8746287823
train,0.1716448069,-0.5182664394,2.1860198975
train,0.6373962164,0.8042972088,4.7359089851
train,-0.9806257486,0.3507767916,1.0641920567
train,-0.9755618572,-0.7351757288,1.5900799036
train,0.0140849352,-0.1748054028,1.0776596069
train,0.1718701124,0.3898389339,1.9465605021
train,-0.3524894714,-0.5454206467,0.5504351258
train,0.9620026350,0.7233520746,1.9008990526
train,-0.4423904419,-0.4668093920,0.4649823904
train,0.1213235855,-0.8085703850,2.7892522812
train,0.8675594330,-0.3386141062,1.6800645590
train,-0.2944381237,-0.2468107939,0.4782087207
train,0.9354928732,0.4418914318,1.4866700172
train,-0.3507491350,0.5881854296,0.5791982412
train,0.5915304422,-0.0781915188,2.6249320507
train,-0.7194067240,0.6948454380,0.7490947843
train,-0.4004077911,-0.7848880291,0.7150502801
train,-0.0033458471,0.8917313814,2.1916918755
train,0.9185087681,0.3538686037,1.4600163698
train,-0.4945747852,0.8931579590,0.8169939518
train,0.5219339132,-0.9392080307,6.5517916679
train,-0.2386653423,-0.8166074753,0.9854697585
train,-0.0707693100,-0.4853919744,1.0152187347
train,-0.1731384993,0.6064963341,0.8609958887
train,0.7035479546,0.4398032427,2.7070031166
train,0.5666160583,0.9068408012,6.0529208183
train,0.6336288452,-0.2584948540,2.6644215584
train,-0.8374130726,-0.5945632458,0.8734066486
train,0.9863337278,0.8853963614,2.2861001492
train,0.9076215029,-0.5633983612,1.8286473751
train,0.7303951979,0.6538830996,3.2441470623
train,-0.5419567823,0.5840746164,0.5219506025
train,0.2494145632,0.6872655153,3.2483234406
train,0.7444511652,-0.7431470156,3.5665280819
train,0.5070130825,-0.6426202059,4.1071038246
train,0.3310685158,-0.8067343235,4.5415401459
train,0.3239668608,0.7344782352,4.0164484978
train,-0.4329876900,0.5522643328,0.5102138519
train,0.7663654089,0.8499792814,4.0240883827
train,-0.7498306036,0.3073762655,0.5417217612
train,0.7944246531,0.1581010818,1.8717250824
train,0.4403939247,-0.2786501646,2.8868453503
train,-0.2757965326,-0.4126695395,0.5533676744
train,-0.6179232597,0.0706202984,0.3956713974
train,-0.2488305569,-0.3701156378,0.5669304729
train,-0.3867424726,0.6866177320,0.6275568008
train,0.4322663546,0.0805296898,2.6749486923
train,0.0717303753,-0.9477533102,3.0700123310
train,0.5701628923,0.5726901293,3.6831891537
train,-0.4453816414,0.3538951874,0.4231311977
train,-0.9059051275,-0.2503657341,0.7956162691
train,-0.6621894836,-0.1549836397,0.4278629720
train,-0.8705736399,-0.7618268728,1.2030823231
train,0.1289949417,0.6326097250,2.2132081985
train,0.0897908211,-0.0058912039,1.3210074902
train,-0.6962618828,0.6352617741,0.6621214747
train,0.7498211861,0.5693895817,2.8058550358
train,-0.3808914423,-0.6672650576,0.6153517962
train,0.1075723171,0.1101020575,1.4101198912
train,0.1711156368,-0.3522393703,1.8891512156
train,-0.2275503874,-0.8971641064,1.1611185074
train,0.7665060759,-0.9736862183,5.0408282280
train,-0.2920855284,-0.7759176493,0.8252197504
train,0.4126729965,-0.1903374195,2.7151060104
train,-0.6452370882,0.8486328125,0.8373426199
train,0.9973100424,0.9948782921,2.7134838104
train,0.2988296747,-0.9756431580,5.8050599098
train,-0.2307045460,0.6021817923,0.7405607104
train,-0.5157905817,-0.5999746323,0.5279254317
train,-0.3577921391,0.3561668396,0.4607050717
train,-0.6794235706,-0.1932206154,0.4457653165
train,-0.8254876137,-0.2656817436,0.6372424960
train,-0.1919949055,-0.3203026056,0.6283473969
train,0.4382945299,0.8025641441,5.0803408623
train,0.9738647938,-0.9676970243,2.7689032555
train,-0.9410276413,0.9935507774,2.2320804596
train,0.2905746698,0.3397202492,2.4760637283
train,0.3031413555,0.8686741590,4.8036360741
train,-0.2429118156,-0.9557027817,1.2487974167
train,-0.7368979454,0.3728812933,0.5507002473
train,-0.8491271734,0.5062335730,0.8186002374
train,-0.3253833055,0.0707744360,0.4281593859
train,0.5540641546,0.4049158096,3.1568267345
train,0.5388730764,-0.9080802202,6.1543669701
train,-0.0183541775,0.9022545815,2.1306645870
train,0.8511635065,0.2100732327,1.6402708292
train,0.6347876787,-0.6881350279,3.9956545830
train,0.0725814104,0.8499206305,2.5816159248
train,-0.2253686190,0.7951272726,0.9820619822
train,0.8457567692,-0.9261156321,3.7566113472
train,-0.1018424034,-0.4465770721,0.8912898898
train,0.4404097795,-0.1105982065,2.7040741444
train,0.4397767782,-0.2783436775,2.8853056431
train,-0.5676891804,-0.7129204273,0.6254904866
train,0.8479900360,0.6626274586,2.4563653469
train,-0.3458597660,0.1144486666,0.4181446731
train,0.0534607172,0.5693260431,1.6344321966
train,0.8420768976,-0.2978359461,1.7589761019
train,-0.1074351072,0.2640200853,0.7699429393
train,-0.8720427752,-0.5203390121,0.8864795566
train,0.2728481293,-0.0049076080,2.1297874451
train,0.0033324957,0.0490188599,1.0129551888
train,0.9160974026,-0.8738638163,2.7848217487
train,-0.3349746466,0.7887995243,0.7816193700
train,-0.2521429062,-0.0214411020,0.4909605980
train,-0.1373540163,-0.1951709986,0.6837577820
train,0.0431793928,-0.4051301479,1.3490043879
train,-0.1628546715,-0.7921122313,1.1478018761
train,0.2274569273,-0.6242400408,2.8433234692
train,-0.4005737305,-0.8493543863,0.7943674922
train,-0.7493624687,-0.0473216772,0.4934754670
train,0.6583069563,-0.4986072779,3.0878214836
train,-0.7727338076,0.0619894266,0.5215227008
train,-0.2481241226,-0.4576455355,0.6104933023
train,0.6661728621,0.7623095512,4.2542386055
train,-0.6908708811,-0.2341128588,0.4626748562
train,-0.2549879551,0.7867205143,0.9055880308
train,0.0910212994,0.4792231321,1.6681673527
train,0.6269242764,0.1718622446,2.5885188580
train,0.6048727036,-0.3532395363,2.9182758331
train,0.5703226328,-0.4397321939,3.2189638615
train,0.6378794909,-0.2082054615,2.5882782936
train,0.8207668066,0.0882292986,1.7187128067
train,0.9032539129,-0.1449342966,1.3775198460
train,-0.0618765354,0.5268046856,1.0880142450
train,-0.0186643600,-0.6068582535,1.3629816771
train,0.3868367672,-0.5990986824,3.6560649872
train,0.2366373539,0.1108771563,1.9919259548
train,-0.6042721272,0.6496270895,0.5916688442
train,0.2269316912,-0.0610305071,1.9304928780
train,-0.1891722679,-0.3073873520,0.6278564334
train,0.9495787621,0.8932180405,2.6001775265
train,-0.9744762182,-0.0041632652,0.9230405688
train,-0.3147405386,0.0432246923,0.4345296025
train,0.2021733522,-0.5753194094,2.5200729370
train,0.5488595963,0.2455070019,2.8534140587
train,-0.1715251207,-0.5047543049,0.7722995877
train,-0.9741727114,-0.4434839487,1.1225785017
train,-0.1752719879,-0.7946742773,1.1143600941
train,-0.0689438581,0.6484566927,1.2282520533
train,-0.0278908014,0.3013097048,1.0032835007
train,-0.4933733940,0.1343625784,0.3746623695
train,-0.2559934855,-0.3273465633,0.5416479707
train,0.3275848627,0.9114468098,5.4064369202
train,-0.2227588892,0.3842948675,0.6087207198
train,-0.9900153875,0.1967335939,1.0073688030
train,-0.7169975042,-0.5221729279,0.6042140126
train,-0.3157560825,-0.8657758236,0.9161809683
train,0.2894499302,-0.4609082937,2.7224469185
train,-0.3408782482,-0.9613765478,1.0477157831
train,0.8190063238,0.3263466358,1.9059147835
train,0.7845469713,0.3640384674,2.1358754635
train,0.4322950840,-0.6642098427,4.1314935684
train,-0.8268101215,-0.5812073946,0.8354043365
train,0.5300098658,0.2149008512,2.8341479301
train,0.6851633787,0.7116611004,3.8266391754
train,0.8484762907,-0.5460042953,2.1305305958
train,0.1142381430,0.8530766964,2.9416620731
train,0.6002818346,-0.0164973736,2.5884382725
train,0.1847125292,0.8683322668,3.6776309013
train,-0.8587492704,-0.3165285587,0.7195416093
train,0.2015141249,-0.9604157209,4.5449886322
train,-0.5578535795,-0.8859481812,0.8198578954
train,0.9326560497,0.1877521276,1.2779320478
train,-0.6151802540,-0.2123359442,0.4105912149
train,0.9044187069,-0.9477146864,3.3000850677
train,-0.4788578749,-0.0686665773,0.3704340458
train,0.5501103401,-0.1441978216,2.7412855625
train,0.7609837055,0.4587460756,2.4418087006
train,0.5411591530,-0.0750747919,2.7109196186
train,0.0631510019,-0.7879575491,2.2659020424
train,-0.5752396584,0.1038264036,0.3823518753
train,0.5198866129,-0.9384181499,6.5448441505
train,0.0247124434,0.9221715927,2.5293412209
train,-0.2765063047,-0.7639901638,0.8354458213
train,0.7233219147,0.8330818415,4.2966880798
train,-0.8449033499,-0.9810160398,1.6391770840
train,0.5427765846,-0.8768532276,5.8115963936
train,0.3212139606,-0.0267871618,2.3328318596
train,0.4389089346,0.1166706085,2.7054040432
train,0.8238402605,0.5759110451,2.3567302227
train,-0.1185462475,-0.3035428524,0.7620553374
train,0.1234548092,0.7598826885,2.6002714634
train,-0.2077044249,-0.5933854580,0.7748494744
train,-0.2530242205,0.1732167006,0.5047010779
train,0.8031060696,-0.9174771309,4.1438579559
train,-0.9962180853,0.4392148256,1.1984494925
train,-0.3616600037,0.8863272667,0.8856272697
train,-0.5151284933,-0.0346714258,0.3687380850
train,0.9836355448,0.2871649265,1.1432229280
train,0.2234050035,-0.0006412268,1.9071882963
train,-0.3429265022,0.1607571840,0.4253444672
train,-0.6662336588,-0.6538937092,0.6445984244
train,0.0924513340,0.4257775545,1.5962618589
train,0.6414626837,-0.1593908072,2.5301191807
train,-0.8841629028,0.9877581596,1.8584308624
train,0.6831796169,-0.8752127886,4.9775156975
train,0.7447423935,-0.7866988182,3.8098287582
train,0.5397717953,0.6870123148,4.3240404129
train,-0.4418296814,0.2809329033,0.4047746360
train,0.7387107611,0.4995050430,2.6677634716
train,0.4027708769,0.9478424788,6.3732900620
train,0.4287691116,-0.7213037014,4.4608750343
train,0.4321961403,-0.1750277281,2.7402064800
train,0.7078351974,-0.8613667488,4.6471667290
train,-0.0970771313,0.8927122355,1.6432304382
train,-0.3660085201,-0.7793800831,0.7369250059
train,0.0720131397,-0.6075428724,1.8101674318
train,0.7807621956,0.5931454897,2.6842429638
train,0.1409791708,-0.5015417337,1.9740846157
train,0.9401540756,-0.7880769968,2.2433516979
train,-0.0960928202,-0.0040684938,0.7428185344
train,-0.2892135382,0.4408024549,0.5519313812
train,-0.1117022038,-0.0882437229,0.7146391273
train,0.2254005671,-0.5078374147,2.4801108837
train,-0.4993231297,0.4051117897,0.4334918857
train,-0.3407144547,-0.2015467882,0.4331094921
train,0.5116603374,0.8244634867,5.3605632782
train,-0.3609259129,0.5437167883,0.5431151986
train,0.5640736818,-0.6452684402,4.0397391319
train,0.0439125299,0.0446944237,1.1497168541
train,-0.6584116220,0.3336280584,0.4642221630
train,0.3594896793,0.8226394653,4.8592252731
train,0.9525442123,-0.3557908535,1.3166913986
train,0.8709255457,-0.6341081858,2.2179224491
train,0.1427952051,-0.2356154919,1.6310485601
train,-0.7942140102,-0.2846319675,0.5937020779
train,0.9091274738,-0.4989961386,1.6999851465
train,0.7589608431,0.5761837959,2.7701764107
train,0.3083606958,0.2606534958,2.4402856827
train,0.4670854807,0.8060001135,5.1773571968
train,-0.7710168362,-0.0415945053,0.5183098316
train,-0.7308430672,0.5373347998,0.6315184236
train,-0.0617020130,-0.1322851181,0.8393465877
train,-0.9340133667,-0.3141444921,0.8984047771
train,0.0567506552,-0.0010814667,1.1940436363
train,-0.2923253775,0.4022771120,0.5311108828
train,0.1892292500,-0.7611117363,3.1247992516
train,-0.8943356276,0.0557334423,0.7241294384
train,-0.8995900154,0.8158705235,1.4267555475
train,0.8011925220,-0.6005862951,2.5739817619
train,0.3589246273,-0.7822160721,4.5505380630
train,-0.0355128050,-0.2201279402,0.9390569329
train,-0.8309251070,0.3417594433,0.6772342920
train,0.8303048611,0.0999296904,1.6790071726
train,0.9072549343,-0.3138086796,1.4706991911
train,0.7668937445,0.3351850510,2.1835439205
train,-0.1966807842,0.1869508028,0.5802090764
train,-0.4797586203,-0.7934495211,0.6918288469
train,-0.4385048151,0.0612756014,0.3761972785
train,-0.3920106888,0.2789102793,0.4209628105
train,-0.4344985485,-0.1398191452,0.3831407726
train,0.6675614119,0.5046726465,3.0627431870
train,-0.5194575787,0.5191938877,0.4825986028
train,0.6319199800,0.5099602938,3.2394447327
train,0.1405513287,0.4691982269,1.9107441902
train,0.4448200464,0.9046216011,6.0699615479
train,0.4184105396,-0.3858082294,3.0531606674
train,0.3015977144,-0.4944189787,2.8760194778
train,0.6841459274,-0.8168386221,4.5019145012
train,0.3456567526,0.9469642639,5.9385828972
train,-0.7160023451,0.7826160192,0.8470718265
train,0.2654807568,-0.1785889864,2.1652605534
train,-0.8159068823,0.0336521864,0.5795480609
train,-0.0783616304,-0.0646475554,0.7870039940
train,0.0439424515,0.0375281572,1.1491465569
train,-0.1504149437,-0.9912211895,1.6944663525
train,0.5986894369,-0.6587300301,3.9998064041
train,-0.5334392786,-0.5040733814,0.4769244790
train,0.8183542490,0.4370551109,2.0775766373
train,0.4400177002,0.2913869619,2.9072394371
train,0.0899872780,0.6189388037,1.9387394190
train,-0.4244272709,0.1604703665,0.3882143795
train,-0.6401454210,-0.4975007772,0.5183392167
train,0.7086721659,-0.2798930407,2.3894062042
train,0.6012375355,0.6708135605,4.0545458794
train,-0.0745438337,-0.6879553795,1.2728149891
train,0.7265920639,-0.6497575045,3.2522041798
train,0.9327665567,0.2906734943,1.3419771194
train,0.9728710651,-0.5269277096,1.4373160601
train,-0.4999727011,0.0434057713,0.3685731888
train,-0.4767493010,0.4332338572,0.4450173974
train,-0.3589713573,-0.2863492966,0.4397932589
train,0.0969127417,0.2353854179,1.4264440536
train,0.2271527052,0.8943842649,4.2823376656
train,0.5093536377,-0.8989329338,6.0960965157
train,-0.0383586884,0.0557162762,0.8894858956
train,0.4091924429,0.3744318485,3.0035111904
train,0.2094329596,0.2940012217,2.0095989704
train,-0.7780189514,0.0274477005,0.5265265107
train,0.9146323204,-0.1529103518,1.3342487812
train,-0.6509892941,0.3842153549,0.4761750102
train,-0.3170076609,0.7755657434,0.7883987427
train,0.0727868080,0.6865713596,2.0098481178
train,0.8360310793,0.5584527254,2.2356047630
train,0.9138195515,-0.1147191525,1.3239353895
train,-0.9394277334,0.2844123840,0.8973974586
train,0.7618253231,0.1953809261,2.0514140129
train,0.3942584991,-0.2533417940,2.7442567348
train,0.1930929422,-0.5866162777,2.4948084354
train,0.1460342407,0.9883152246,4.1355557442
train,-0.1752481461,-0.0243527889,0.5929945707
train,-0.0649173260,-0.9662452936,2.0773582458
train,-0.3234888315,-0.3637034893,0.4877902269
train,-0.5018525124,0.6207823753,0.5408505201
train,-0.0244408846,0.3165469170,1.0237722397
train,0.2555704117,0.8555845022,4.2690749168
train,0.5310772657,-0.6372978687,4.0608258247
train,0.5757751465,0.0985542536,2.6684865952
train,-0.3140053749,0.3937699795,0.5071071386
train,-0.2642666101,0.6271815300,0.7084173560
train,0.2323176861,-0.9846388102,5.1359744072
train,0.9441103935,-0.7994047403,2.2563071251
train,-0.3083717823,-0.9111540318,1.0060251951
train,0.4319729805,-0.2626593113,2.8469266891
train,0.8964600563,0.2679083347,1.4789750576
train,0.0966032743,0.0410391092,1.3505811691
train,-0.7055572271,0.5454428196,0.6058490276
train,-0.6635160446,0.5274641514,0.5528251529
train,0.9214887619,-0.4323110580,1.5388720036
train,0.0820201635,-0.7040334940,2.1180486679
train,0.0861493349,0.0684052706,1.3126307726
train,-0.8932199478,-0.9200201035,1.6773815155
train,0.6024872065,0.1801391840,2.6672899723
train,-0.8392635584,-0.7177264690,1.0318481922
train,-0.0109821558,-0.4686185122,1.2033492327
train,-0.1329375505,-0.8649477959,1.4085125923
train,-0.0662432909,0.9973436594,2.1991784573
train,-0.4149407148,-0.5551866293,0.5187796354
train,-0.7581346035,0.0466969013,0.5032708645
train,-0.9337643385,0.5548927784,1.1066296101
train,-0.3486654758,-0.4601298571,0.5079481602
train,0.6121474504,0.2745685577,2.7565007210
train,-0.4783490896,0.7297765017,0.6280635595
train,0.6696324348,0.6416974068,3.5719254017
train,0.0841902494,0.8868488073,2.8517112732
train,-0.7531319857,-0.3903774023,0.5782664418
train,-0.1662471294,-0.0809143782,0.6112122536
train,-0.0600306988,0.1762394905,0.8552036285
train,0.5497374535,0.3603014946,3.0576119423
train,-0.0036278963,0.7552636862,1.7489683628
train,-0.2211399078,-0.2646398544,0.5654434562
train,-0.0799150467,-0.7957110405,1.4692097902
train,-0.6766742468,-0.7330573797,0.7316105366
train,-0.2848086357,-0.6561107635,0.7049890161
train,-0.4529267550,0.4759147167,0.4664566517
train,0.8147597313,0.4770635366,2.1754662991
train,0.0613660812,-0.2182178497,1.2702506781
train,-0.0472091436,-0.6339808702,1.2893818617
train,0.5805289745,0.7761344910,4.8093085289
train,0.6394751072,0.7103143930,4.0962605476
train,-0.7577188015,0.3353300095,0.5614079237
train,-0.7083692551,-0.0656081438,0.4543078542
train,-0.4170145988,-0.8408310413,0.7716599703
train,0.9137928486,0.8945523500,2.9088358879
train,-0.8596308231,0.7999873161,1.2375719547
train,0.1501318216,0.9528743029,3.9052777290
train,-0.6659733057,0.5541920662,0.5712184310
train,-0.8375705481,0.2338634729,0.6480835080
train,-0.9916194677,-0.4280333519,1.1698638201
train,0.5302604437,-0.9752807617,7.0052313805
train,-0.4194366932,-0.6762175560,0.5999725461
train,-0.5505876541,0.4522304535,0.4570852220
train,-0.4381901026,-0.2481085062,0.3986592889
train,0.6699779034,0.4220753908,2.8261773586
train,-0.1815131903,-0.1318098307,0.5930594206
train,-0.0981431007,-0.7841576338,1.3653892279
train,0.0456556082,0.6977661848,1.8772681952
train,-0.1253699064,-0.7373688221,1.1734591722
train,0.5099956989,-0.2976119518,2.9685683250
train,0.7227038145,0.6820838451,3.4222881794
train,-0.6217595339,0.0938900709,0.3989528716
train,-0.6293687820,0.1971358061,0.4149165750
train,0.3183782101,0.9518806934,5.7411742210
train,0.6655207872,-0.8444311619,4.8592481613
train,-0.8476107121,-0.9864356518,1.6692756414
train,0.9572268724,-0.7017986774,1.8710374832
train,-0.0138317347,0.9130766392,2.2039890289
train,-0.7405083179,0.6949602365,0.7827790380
train,0.3239498138,0.5949014425,3.3361566067
train,-0.9699163437,-0.9649580717,2.3089070320
train,0.8177216053,-0.8716628551,3.6753659248
train,-0.9723587036,0.7076728344,1.5129665136
train,-0.9044144154,-0.8035837412,1.4189946651
train,-0.5437352657,0.2668501139,0.3987714946
train,0.5978627205,-0.3426445723,2.9168820381
train,-0.3828487396,0.0048267841,0.3933676779
train,-0.3562258482,0.2836313248,0.4407539666
train,0.8871500492,-0.9571027756,3.5367000103
train,0.8683800697,-0.9388905764,3.6086320877
train,0.8197885752,0.5057542324,2.2081935406
train,0.1294021606,-0.6074582338,2.1477675438
train,0.6908097267,-0.4143893719,2.7111327648
train,0.5412586927,-0.4548319578,3.3150856495
train,-0.4358601570,-0.7515321970,0.6603623629
train,-0.2381424904,0.5378922224,0.6764115691
train,0.7263954878,-0.9773957729,5.5447630882
train,0.1200128794,0.9477146864,3.5477917194
train,-0.6405254602,0.9261044264,0.9546089768
train,0.1032941341,0.9258434772,3.2414758205
train,-0.1993815899,-0.9900884628,1.4829936028
train,-0.8438113928,-0.7464177608,1.0897114277
train,0.1244874001,0.3270225525,1.6292811632
train,0.9709486961,0.1218246222,1.1118017435
train,0.7437001467,0.8924061060,4.5601291656
train,0.9479261637,-0.9051859379,2.6703977585
train,-0.7489619255,0.2082306147,0.5137343407
train,-0.0106513500,-0.1986116171,1.0060086250
train,0.8345326185,0.4126543999,1.9484169483
train,0.0572785139,-0.3034657240,1.3113638163
train,0.8736888170,-0.6871477365,2.3599910736
train,0.1132025719,-0.7246205807,2.3947095871
train,0.5725958347,0.1420191526,2.7027635574
train,0.6478130817,0.8616259098,5.1371769905
train,-0.4507230520,-0.7674523592,0.6709517241
train,-0.6316066980,0.9191652536,0.9315797091
train,-0.5258460045,0.6344535351,0.5520183444
train,-0.5002433062,0.5037641525,0.4741548002
train,0.9416542053,0.5245001316,1.5799202919
train,0.7786077261,0.3279815912,2.1135308743
train,0.2020536661,-0.9792786837,4.7208046913
train,-0.6257948875,0.0687018633,0.3992366195
train,-0.0178724527,-0.4198660851,1.1276874542
train,-0.9332002401,-0.9306137562,1.9303884506
train,-0.7902189493,0.9590462446,1.3598934412
train,0.7054423094,-0.7383081913,3.8341522217
train,-0.8695353270,0.3644387722,0.7666909695
train,0.9987487793,-0.8571445942,2.0930609703
train,-0.2635039091,-0.0479096174,0.4799062908
train,0.2651169300,-0.3630264997,2.3908920288
train,0.2630974054,0.8342692852,4.1853919029
train,0.5049611330,-0.5953449011,3.8741028309
train,-0.3820725679,0.3881254196,0.4577132463
train,0.6543264389,0.3810334206,2.8008985519
train,-0.8873749971,0.0741671324,0.7110697627
train,0.2334307432,-0.9588978291,4.8980789185
train,0.1202695370,-0.3545240164,1.6398406029
train,-0.9344013929,-0.7261667252,1.3808369637
train,-0.3402224779,-0.3423349857,0.4679237306
train,0.2805900574,0.6848412752,3.4580368996
train,-0.6380451918,-0.3100816011,0.4442915916
train,0.9361916780,-0.9306303263,2.9013977051
train,0.7105191946,-0.6348073483,3.2941050529
train,-0.7526026964,-0.1859226227,0.5133824348
train,0.6140584946,-0.2244275808,2.6827788353
train,0.1867482662,0.0396903753,1.7422552109
train,0.9877122641,-0.8889856339,2.2907719612
train,0.7761059999,0.4254875183,2.2883739471
train,0.5280281305,-0.1814969778,2.7984533310
train,-0.7249834538,0.5251405239,0.6159021258
train,-0.1327711344,-0.0120053291,0.6669912338
train,-0.0884879827,-0.7227051258,1.2813013792
train,-0.8506348133,0.9890356064,1.6921144724
train,0.5139440298,0.5298730135,3.5959424973
train,-0.2010457516,-0.0747220516,0.5571857691
train,-0.0393062830,0.5898931026,1.2520761490
train,-0.0035351515,-0.7525305748,1.7422832251
train,-0.0081034899,0.5975874662,1.3932729959
train,0.2316099405,0.1582574844,1.9940001965
train,0.4916062355,-0.5735772848,3.7759168148
train,0.1504961252,-0.9495135546,3.8843462467
train,-0.3129110336,0.7772133350,0.7960241437
train,-0.9210469723,-0.6691046953,1.2240908146
train,0.3714885712,0.2207195759,2.6335136890
train,0.0763728619,-0.9346536398,3.0380456448
train,0.2056236267,-0.5231958628,2.4006023407
train,0.2036461830,-0.2175273895,1.9047138691
train,0.7682049274,-0.5691827536,2.6898901463
train,0.7102881670,-0.1993913651,2.2918436527
train,0.4667059183,-0.6610883474,4.1852755547
train,0.9295909405,-0.1490230560,1.2732912302
train,-0.4499675035,0.2462313175,0.3957222998
train,-0.3111231327,-0.1526675224,0.4467521608
train,0.4417158365,0.1794546843,2.7607078552
train,-0.3236753941,0.0613495111,0.4288299680
train,-0.1085921526,-0.5096830130,0.9279323816
train,0.0711870193,-0.6612224579,1.9328511953
train,0.5417193174,0.4222145081,3.2209885120
train,0.4956399202,0.3912688494,3.1676738262
train,-0.8880497217,0.3143050671,0.7821500897
train,0.8435220718,0.5049588680,2.0688886642
train,0.1114763021,0.7071411610,2.3236672878
train,0.1569294930,-0.6682783365,2.5089747906
train,-0.9628375769,-0.4930334091,1.1349604130
train,0.0015866756,-0.1262131929,1.0211347342
train,-0.3987057209,0.0137652159,0.3868947029
train,-0.7033319473,0.3259786367,0.4982975125
train,-0.7487567663,-0.0661445856,0.4938674569
train,-0.1844215393,-0.1265583038,0.5877309442
train,-0.8540511131,-0.1453672647,0.6560733914
train,0.0852679014,-0.4225369692,1.5577185154
train,0.6735492945,-0.9795027971,6.1376280785
train,0.7256791592,0.5739707947,2.9696998596
train,0.2390568256,-0.8704943657,4.2213058472
train,-0.3533259630,0.9621102810,1.0304077864
train,0.9497073889,-0.1984049082,1.2173869610
train,0.3323179483,-0.6941895485,3.8432760239
train,-0.2782454491,-0.5500749350,0.6285085678
train,0.4265232086,-0.1298973560,2.6921744347
train,-0.4298985004,0.4265553951,0.4520792961
train,-0.4170588255,0.5966397524,0.5432068706
train,0.2478477955,-0.6557157040,3.1026999950
train,-0.4537860155,-0.1301006079,0.3781165183
train,-0.2344928980,0.1847404242,0.5285043120
train,-0.7274552584,0.7567474842,0.8330121040
train,0.5147769451,0.9793883562,7.0860223770
train,-0.8767765760,0.4274375439,0.8229842782
train,-0.8502599001,0.6746408939,1.0018792152
train,0.4543265104,0.2771501541,2.9052965641
train,-0.2210345268,0.3686811924,0.6041099429
train,-0.4155598879,0.2463581562,0.4048139155
train,0.5420466661,0.0249941349,2.6963877678
train,0.5582886934,0.9841024876,7.0409150124
train,0.3546392918,-0.9096601009,5.6125764847
train,-0.6899328232,0.1057330370,0.4421882033
train,-0.7988157272,0.9220174551,1.2960550785
train,-0.4107115269,0.5043823719,0.4933613837
train,-0.0884293318,0.5178295374,0.9939167500
train,0.8950971365,0.9110386372,3.1696467400
train,-0.6775290966,-0.1067167521,0.4329758584
train,-0.6610603333,0.4641842842,0.5172494650
train,-0.6498563290,-0.3870518208,0.4764454067
train,0.4025318623,-0.2636997700,2.7815878391
train,-0.1263794899,-0.1595174074,0.6968131661
train,-0.6517555714,-0.5306735039,0.5450516939
train,-0.8023102283,-0.6396121979,0.8413105607
train,0.9654419422,-0.0046223402,1.1144659519
train,-0.8754299879,-0.9782528877,1.7780969143
train,-0.8403071165,-0.5006192923,0.7943046689
train,-0.0328357220,0.0796909332,0.9078982472
train,-0.8392686844,0.6969816685,1.0020197630
train,0.9237538576,0.6674737930,1.9793559313
train,0.7149350643,0.9768241644,5.6674733162
train,0.0765794516,0.9730843306,3.2712118626
train,0.0711899996,0.9195853472,2.9078891277
train,0.3245774508,0.1073846817,2.3713924885
train,0.3413244486,0.5059254169,3.1088852882
train,0.3381134272,-0.2903767824,2.6058390141
train,0.0398210287,0.3703114986,1.2994043827
train,0.2055113316,-0.8050470352,3.4896614552
train,0.4296977520,0.5695683956,3.6697273254
train,-0.1841820478,0.2256780863,0.6089965701
train,0.2410857677,0.6307556629,2.9590916634
train,0.2302579880,0.1711343527,1.9961225986
train,0.4204857349,0.3913558722,3.0713615417
train,0.7992868423,0.5983997583,2.5797140598
train,-0.9544135332,0.3274513483,0.9651220441
train,-0.4147565365,0.5431308746,0.5120339990
train,-0.7928472757,-0.7046569586,0.8964855075
train,0.6567338705,0.0253212452,2.4153513908
train,0.5351607800,0.3451178074,3.0435109138
train,0.4382427931,-0.9789131880,6.9553346634
train,0.7730255127,0.5114359856,2.4985711575
train,-0.0545350313,-0.6829121113,1.3443075418
train,0.5779994726,-0.1140545607,2.6728234291
train,-0.4564682245,0.5395874977,0.4968294799
train,-0.7331794500,0.7530378103,0.8382806778
train,-0.0765537024,-0.5503271818,1.0668082237
train,0.6981590986,-0.1077737808,2.2796411514
train,-0.1140568256,0.8466496468,1.4421198368
train,0.7345287800,0.1756331921,2.1629512310
train,-0.1313698292,0.4764124155,0.8401919007
train,-0.2215646505,0.1310520172,0.5357813239
train,-0.8469489813,0.9899580479,1.6778397560
train,-0.0402961969,0.2478891611,0.9372479916
train,-0.9488462210,0.6943805218,1.3800929785
train,-0.7826899290,-0.3611394167,0.6062467694
train,0.5631814003,0.1312148571,2.7117190361
train,-0.2180325985,-0.3751417398,0.6114524007
train,0.1113359928,0.9211332798,3.2909307480
train,0.2558262348,-0.0244734287,2.0555207729
train,-0.5703061819,0.5454497337,0.5075342655
train,0.1038640738,0.1203804016,1.3979831934
train,0.3963656425,0.1472957134,2.6357357502
train,0.9731194973,0.0655709505,1.0926946402
train,0.7957978249,-0.3311260939,2.0300457478
train,0.5814106464,0.9631298780,6.6531519890
train,-0.7534176111,-0.0150983334,0.4969597757
train,0.4620906115,-0.0874621868,2.7198212147
train,0.2817549706,0.8966543674,4.8452796936
train,0.6342890263,0.6294105053,3.7005362511
train,0.7266768217,-0.9710299969,5.4732542038
train,-0.1389831305,-0.9011331797,1.4757324457
train,0.4772592783,-0.9118900299,6.2276096344
train,0.9417228699,0.1575452089,1.2298378944
train,0.9243907928,0.9151998758,2.9238367081
train,0.9552270174,0.7946023941,2.1631984711
train,-0.7244681120,-0.1118575335,0.4728495777
train,0.6119861603,-0.1178499460,2.5925383568
train,-0.0381748676,0.9129070044,2.0416464806
train,0.5455957651,-0.6043295860,3.8766541481
train,0.5400881767,0.8836538792,5.8880453110
train,-0.4699900150,-0.6103839874,0.5363381505
train,0.7788028717,0.9597469568,4.7656378746
train,0.0517024994,-0.2357609272,1.2427145243
train,-0.3790744543,-0.8351345062,0.7935390472
train,0.8651193380,0.3207517862,1.6720564365
train,-0.4244958162,0.0412613153,0.3789706826
train,-0.7429032326,-0.7229001522,0.8186406493
train,-0.4705361128,0.8078048229,0.7095172405
train,-0.4941195250,-0.8661975861,0.7791660428
train,0.5650342703,-0.5955073833,3.7955524921
train,-0.0235723257,0.9499011040,2.2894809246
train,0.3169407845,-0.9270149469,5.4657206535
train,0.5647206306,0.1839214563,2.7544765472
train,0.1953604221,-0.2784678936,1.9222102165
train,-0.8297894001,0.1313748360,0.6111875772
train,-0.4460649490,-0.3200739622,0.4134446084
train,0.7530773878,0.1789309978,2.0797629356
train,0.8512800932,-0.3483177423,1.7713267803
train,-0.6904203892,-0.3294579983,0.4878267646
train,-0.2239698172,0.2426162958,0.5553698540
train,0.8946385384,0.4163036346,1.6459209919
train,0.9344371557,-0.6151238680,1.7912179232
train,-0.4792295694,0.3411741257,0.4141727686
train,0.0705168247,0.0175224543,1.2461197376
train,-0.5233178139,0.3778814077,0.4254858196
train,-0.8194952011,-0.6748757362,0.9215411544
train,-0.8007769585,-0.5595047474,0.7612730861
train,0.6400851011,0.4357190132,2.9878802299
train,-0.8586939573,-0.6480247974,0.9904933572
train,0.7240145206,-0.1179487705,2.1734695435
train,-0.3539160490,-0.1204577684,0.4139483273
train,-0.5625653267,-0.9644808769,0.9507331252
train,-0.9737553596,-0.3995757103,1.0803707838
train,0.9758132696,0.7715424299,1.9565632343
train,-0.0705598593,0.4863430262,1.0168098211
train,-0.8661792278,0.2495115995,0.7075980902
train,-0.7074192762,-0.7259824276,0.7648713589
train,0.0327650309,0.9825446606,2.9099814892
train,0.3934853077,-0.9409852028,6.2338023186
train,0.7898099422,-0.8834333420,4.0302691460
train,-0.1615985632,0.6230247021,0.9066591859
train,-0.5161392689,0.7473663092,0.6439343691
train,-0.2695735693,0.5561990738,0.6441220641
train,-0.0460567474,-0.3335179090,0.9675840139
train,0.7291756868,-0.4165916443,2.5228004456
train,-0.3974425793,0.9679632187,0.9884765744
train,0.5307357311,-0.3473104239,3.0525164604
train,0.4440486431,-0.8008496761,5.0832524300
train,-0.5848748684,-0.7034102678,0.6250803471
train,-0.3934574127,0.4442636967,0.4737221599
train,0.6247969866,-0.5908219814,3.5722444057
train,-0.8753741980,-0.1480631828,0.6979035735
train,-0.2254742384,-0.0391540527,0.5225434303
train,-0.0364795923,0.7144511938,1.4859988689
train,0.4925380945,0.0629284382,2.7283177376
train,-0.9613505602,-0.5742740631,1.2320359945
train,0.3571430445,0.6043530703,3.5473887920
train,0.4820890427,0.4640485048,3.3661119938
train,0.6175093651,-0.3257300854,2.8256218433
train,0.7197355032,0.8165246248,4.2112312317
train,0.3396250010,0.1706234217,2.4715633392
train,-0.0500504971,-0.0754325390,0.8599327803
train,-0.5773839951,0.4528491497,0.4650911093
train,0.7886071205,-0.6776238680,2.9315547943
train,0.1913062334,-0.9603607655,4.4271922112
train,-0.8992432356,-0.1611752510,0.7517889738
train,-0.1325917244,-0.5612218380,0.9142628312
train,-0.7757910490,0.8874590397,1.1503052711
train,0.4009530544,0.5280261040,3.4239301682
train,-0.9625843763,-0.4676725864,1.1067674160
train,0.3498078585,-0.5582466125,3.3280003071
train,0.7416357994,-0.9698745012,5.2914781570
train,-0.7687959671,-0.4065752029,0.6072340608
train,0.9263195992,0.0251189470,1.2586544752
train,0.1742229462,0.2371798754,1.7801004648
train,-0.0347347260,-0.4053127766,1.0569342375
train,-0.7552825212,0.0359649658,0.4995829761
train,0.3300896883,-0.8332421780,4.7359290123
train,0.5303081274,0.7945775986,5.0876898766
train,-0.2553939819,-0.1528184414,0.4987583160
train,0.1716432571,0.3940231800,1.9517617226
train,0.3843516111,0.6055299044,3.6743955612
train,0.1364690065,0.0268515348,1.5165486336
train,0.1834056377,0.3596444130,1.9624106884
train,-0.1229004860,-0.1414762735,0.7000763416
train,0.9663177729,-0.8276603222,2.2048070431
train,0.5354679823,-0.8361034393,5.4350433350
train,0.1927734613,-0.8223922253,3.4750099182
train,0.5285284519,-0.1410436630,2.7617919445
train,0.2828441858,-0.6835894585,3.4676337242
train,0.6756464243,-0.7206641436,3.9390285015
train,0.8326969147,0.4150545597,1.9620711803
train,0.5248796940,0.9565995932,6.7668099403
train,0.7223757505,-0.7279603481,3.6534082890
train,-0.2639561892,0.7495299578,0.8389325738
train,0.1303671598,0.0963296890,1.5030338764
train,0.0238436460,0.6313666105,1.6055409908
train,-0.1061842442,0.1993325949,0.7499853969
train,0.5754058361,-0.0863518715,2.6631994247
train,-0.7314202785,-0.7285102606,0.8053923845
train,-0.4738327265,0.0324145555,0.3695119321
train,0.0600286722,0.8176947832,2.3539495468
train,0.9277555943,-0.0784134865,1.2600704432
train,-0.7478771210,-0.9463421106,1.2017233372
train,0.1505419016,-0.4154951572,1.8741270304
train,-0.8243116140,-0.4281864166,0.7110605240
train,-0.2319103479,-0.8448027372,1.0490550995
train,-0.7174232006,0.7410935163,0.7973763943
train,0.0365663767,-0.3715009689,1.2874161005
train,-0.1565037966,0.1323515177,0.6347126961
train,-0.1863510609,0.5428265333,0.7726687789
train,-0.7573547363,0.4608998299,0.6199275255
train,0.1547148228,-0.4418386221,1.9393624067
train,-0.9249968529,-0.2456246614,0.8410338163
train,-0.8750926256,0.3225837946,0.7570286393
train,0.8881112337,-0.9616639614,3.5576932430
train,0.4770045280,-0.7675648928,4.8868479729
train,0.9218323231,0.4965403080,1.6317651272
train,0.4702317715,0.4916328192,3.4464099407
train,0.7075589895,-0.4316675663,2.6675720215
train,0.1005051136,-0.8515808582,2.8171219826
train,-0.9285089970,-0.8684381247,1.7014364004
train,0.3642325401,-0.9570049047,6.2106575966
train,-0.6964874268,0.4039595127,0.5208618045
train,-0.3523998260,-0.8620555401,0.8596205115
train,-0.9014993906,0.8554086685,1.5329445601
train,-0.9363205433,0.3575893641,0.9315989614
train,0.3639912605,0.8731173277,5.3250832558
train,-0.8901208639,-0.8028054237,1.3581397533
train,-0.4950078726,0.2218472958,0.3864855468
train,-0.5332982540,0.4623793364,0.4580674767
train,-0.2966465950,-0.2214381695,0.4706008732
train,0.7513182163,-0.3167563677,2.2355940342
train,-0.5443160534,-0.7057683468,0.6112707853
train,-0.2621957064,0.4145233631,0.5701569319
train,0.4350175858,-0.2519742250,2.8369374275
train,0.3308835030,-0.4033033848,2.7865529060
train,0.8601529598,0.7736909389,2.7841482162
train,0.2444108725,0.7941021919,3.7628655434
train,0.5290672779,-0.5050333738,3.4934582710
train,0.2621430159,-0.9844959974,5.4892582893
train,-0.6169251204,0.6082706451,0.5693295002
train,0.3708201647,-0.8915171623,5.5487780571
train,0.0516228676,0.6372649670,1.7639836073
train,-0.3631334305,-0.1496423483,0.4120618999
train,0.5939835310,0.7016563416,4.2590613365
train,0.1988856792,0.9267674685,4.2369661331
train,0.7885633707,-0.0345175266,1.8545801640
train,-0.1700344086,-0.3707050085,0.6895526052
train,-0.8426380157,0.8990991116,1.3964097500
train,0.1318633556,-0.4474523067,1.8270945549
train,0.9890956879,-0.6011577845,1.4853357077
train,-0.5242466927,0.1246606112,0.3747260869
train,-0.8560181856,-0.0702182055,0.6491225362
train,-0.6719383001,0.5584362745,0.5793924332
train,-0.9020471573,-0.6388136148,1.1109201908
train,0.8678637743,0.5187548399,1.9589421749
train,-0.9452860355,0.9689959288,2.1552555561
train,0.0942190886,-0.2903730869,1.4564633369
train,0.7795839310,0.2761932611,2.0436005592
train,0.3181368113,-0.7371590137,3.9931504726
train,-0.3835439682,-0.6723487377,0.6176924706
train,-0.6949737072,0.9785966873,1.1496462822
train,-0.6804866791,-0.3295246363,0.4795432389
train,-0.1279213428,-0.6800469160,1.0739221573
train,-0.5055035353,-0.6859742403,0.5890231133
train,-0.6629264355,0.4941457510,0.5338392258
train,-0.3730770350,0.5246211290,0.5239686370
train,-0.2583427429,0.1956180334,0.5030184984
train,-0.4806462526,-0.9637060165,0.9329321384
train,-0.6632000208,-0.3224147558,0.4641869068
train,-0.8487277031,0.1272214651,0.6431592703
train,-0.6724474430,0.5109364986,0.5511509776
train,-0.7350478172,-0.0078649521,0.4773677289
train,0.1873400211,0.3568208218,1.9787659645
train,-0.0569162369,-0.0230622292,0.8375079632
train,0.8415964842,-0.7432489395,2.8004260063
train,-0.5006299019,-0.8642972708,0.7764769793
train,0.8800065517,0.6580057144,2.2279386520
train,-0.7123687267,-0.8876448870,1.0023441315
train,0.0394085646,-0.1386506557,1.1533994675
train,-0.3628132343,-0.1363109350,0.4106664062
train,0.3027726412,-0.1150616407,2.2872388363
train,-0.8888567686,-0.1371911764,0.7237613797
train,0.0723921061,-0.1873111725,1.2976520061
train,-0.6588056087,0.9400846958,1.0056670904
train,-0.7949835062,0.7927017212,1.0283076763
train,-0.6696079969,0.3983967304,0.4952719212
train,0.2529665232,-0.0820366144,2.0552468300
train,0.9861557484,0.7703274488,1.8905799389
train,-0.6034659147,-0.7855083942,0.7184838653
train,0.4389582872,0.0287482738,2.6711130142
train,-0.5365430117,-0.8972892761,0.8283750415
train,0.1396135092,0.4152193069,1.8168195486
train,-0.4454872608,-0.6359540224,0.5593757629
train,-0.5522652864,-0.7876816988,0.6934282184
train,-0.4737962484,0.2931622267,0.4022548795
train,-0.4636611938,-0.4160015583,0.4402408600
train,0.9831404686,-0.6300166845,1.5680958033
train,0.5129734278,-0.5812931061,3.8078746796
train,-0.3190876245,0.4441825151,0.5244053006
train,0.4587900639,-0.7507119179,4.7360320091
train,-0.4629251957,0.9178763628,0.8600819707
train,0.3562797308,0.4039983749,2.8950541019
train,0.0079873800,-0.5617015362,1.4057894945
train,-0.3136897087,0.6784036160,0.6884525418
train,0.1424273252,-0.4533530474,1.8930622339
train,-0.8708472252,-0.9998308420,1.8311752081
train,0.9269149303,-0.8629382849,2.6438965797
train,-0.9399555922,-0.0969916582,0.8368495703
train,0.3325849771,0.6520910263,3.6330416203
train,-0.0736174583,-0.3480120897,0.8975312114
train,0.6609461308,0.6690599918,3.7528367043
train,-0.3873630762,-0.4790695906,0.4923651218
train,0.1341738701,0.1287570000,1.5307011604
train,0.6932592392,0.7461714745,3.9671735764
train,-0.2598956823,-0.4685558081,0.6009763479
train,0.7448796034,-0.7964086533,3.8676848412
train,-0.9333264828,0.7967494726,1.5324643850
train,0.3938558102,-0.9261320829,6.0656127930
train,0.8385890722,0.8655804396,3.4379065037
train,0.6667705774,-0.7940514088,4.4654941559
train,-0.8015714884,-0.8217711449,1.0958428383
train,-0.1201784611,0.5476590395,0.9335923791
train,0.2457787991,0.0355597734,2.0116035938
train,0.5618617535,-0.4061532021,3.1460094452
train,0.1416254044,0.6100707054,2.2312910557
train,-0.4715430737,0.2576903105,0.3947106898
train,0.6947879791,-0.6604938507,3.5070829391
train,0.1452516317,-0.5930258036,2.2085332870
train,0.6456148624,-0.1540492773,2.5115678310
train,-0.5682308674,0.0650891066,0.3779937923
train,-0.4251023531,0.6235412359,0.5578632951
train,-0.2269480228,-0.3212487698,0.5764373541
train,0.0285010338,-0.5122132301,1.4215977192
train,0.6133924723,-0.5187102556,3.3410243988
train,-0.8789939880,0.7139536142,1.1487433910
train,0.1496912241,-0.1410607100,1.6048400402
train,0.8144102097,0.3835448027,2.0090804100
train,0.0534640551,-0.9406908751,2.8635811806
test,0.0581867695,0.6975584030,1.9510554075
test,-0.5426371098,0.1123853922,0.3759076297
test,0.1539028883,-0.0735129118,1.6004503965
test,-0.7860827446,-0.4640219212,0.6654658318
test,0.4866859913,-0.5410431623,3.6395246983
test,-0.5139536858,-0.0413616896,0.3688635230
test,0.0316909552,-0.1320014000,1.1239171028
test,0.6995840073,-0.0702944994,2.2585561275
test,0.9861204624,-0.9792389870,2.7250833511
test,0.4032119513,0.2288222313,2.7359693050
test,-0.7895567417,0.6476764679,0.8232281208
test,0.8865795135,-0.4880331755,1.7985932827
test,0.3801099062,-0.4152250290,3.0111300945
test,-0.2753790617,-0.8549479246,0.9702098370
test,0.9528673887,0.8316508532,2.3144545555
test,0.4886122942,-0.9215642214,6.3511800766
test,0.1127094030,-0.6904960871,2.2785038948
test,-0.1182228327,0.8016594648,1.3227727413
test,-0.8352882862,0.3873084784,0.7084585428
test,0.9541329145,0.5829151869,1.6215581894
test,0.3909523487,-0.7000601292,4.1869568825
test,-0.1640846729,-0.8269916773,1.2104067802
test,-0.7298836708,-0.3942260742,0.5515965223
test,-0.9487512112,-0.8966102600,1.9033240080
test,0.3422425985,0.2827559710,2.6107301712
test,0.5761542320,-0.7628576756,4.7278423309
test,0.9593358040,-0.0663156509,1.1408810616
test,0.1387380362,-0.8022063971,2.9029393196
test,0.6800636053,-0.8074051142,4.4643507004
test,0.3622013330,0.7950462103,4.6638832092
test,-0.5883268118,-0.6969499588,0.6212587357
test,-0.4720442295,-0.3980263472,0.4326955974
test,0.4748625755,-0.7116078138,4.4963641167
test,-0.8981187344,-0.3151401281,0.8062840104
test,-0.3272838593,0.8572016954,0.8855269551
test,0.8515870571,0.9455555677,3.8328845501
test,0.5345671177,-0.4899872541,3.4356179237
test,0.5103843212,-0.9312652349,6.4670677185
test,0.8357044458,0.4392788410,1.9867516756
test,0.9328887463,-0.4699189663,1.5374133587
test,-0.8958294392,0.0572010279,0.7274725437
test,0.9499942064,-0.3364559412,1.3095124960
test,-0.7708668709,-0.1929172277,0.5368431211
test,-0.7261554003,0.4054433107,0.5523025393
test,0.0468384027,-0.9992830753,3.1430177689
test,-0.6442176104,0.3694959879,0.4664618969
test,0.8194922209,0.9719240665,4.4009013176
test,-0.8030052185,0.8147675991,1.0873299837
test,0.9053328037,-0.0798090696,1.3490629196
test,-0.2299537659,-0.9833477736,1.3576698303
test,-0.7197616100,0.0380053520,0.4632233381
test,0.8763135672,0.1957100630,1.5176604986
test,0.4102505445,-0.0576233864,2.6217274666
test,0.8227885962,0.0648485422,1.7033803463
test,-0.5383486748,-0.2765500546,0.4000076354
test,-0.4247397184,-0.2553132772,0.4037361145
test,0.9716628790,0.3112548590,1.2041640282
test,-0.2197946310,-0.2061525583,0.5518782139
test,-0.5233105421,-0.1005325317,0.3726137578
test,0.1613985300,0.5905328989,2.3032665253
test,-0.3423249722,0.9585961103,1.0398790836
test,-0.8500244617,0.4638147354,0.7875740528
test,-0.4460109472,0.2966656685,0.4075303376
test,0.0391824245,0.4552327394,1.3909980059
test,0.0814923048,-0.7058624029,2.1201138496
test,0.8202800751,-0.2802830935,1.8471471071
test,0.2759374380,0.0649495125,2.1522929668
test,-0.8575284481,0.2583037615,0.6934535503
test,0.2583204508,0.5092297792,2.6769053936
test,0.9130940437,-0.9688589573,3.3478934765
test,0.9062418938,0.2886630297,1.4530071020
test,0.9922395945,0.6364723444,1.5364499092
test,-0.3987092972,-0.2974694967,0.4226091206
test,-0.7735340595,-0.0351108313,0.5211536884
test,-0.4474074841,-0.8570157290,0.7773181796
test,0.0708227158,0.7706568241,2.2582199574
test,-0.1456339359,0.9987280369,1.7432146072
test,-0.8807891607,-0.9574540854,1.7348135710
test,0.5502415895,-0.1045886278,2.7142293453
test,0.3217833042,-0.8106055260,4.5014424324
test,0.1981941462,-0.2616806030,1.9187287092
test,0.2430150509,0.5993622541,2.8595273495
test,0.1498415470,-0.4043775797,1.8534859419
test,0.7678128481,-0.8770366907,4.2023491859
test,-0.0155564547,0.4130299091,1.1294616461
test,-0.1542098522,0.3019133806,0.6875759959
test,0.0571136475,0.6927763224,1.9317101240
test,0.6230385303,-0.4871877432,3.2013483047
test,0.2210502625,-0.9383994341,4.5747694969
test,0.3974872828,0.9412645102,6.2624187469
test,0.2381646633,0.6878616810,3.1692223549
test,-0.1968895197,-0.0589644909,0.5619317293
test,-0.1306778193,0.6237132549,0.9899675846
test,0.3479951620,-0.3115860224,2.6783885956
test,0.6212642193,0.1157003641,2.5643208027
test,0.5866593122,0.6665457487,4.0855326653
test,0.8120474815,0.0503637791,1.7494268417
test,-0.6716263294,-0.9972964525,1.1462208033
test,0.1873418093,0.0740822554,1.7518022060
test,0.3383985758,0.7043520212,3.9352865219
test,0.3246585131,-0.0297775269,2.3465960026
test,-0.7684067488,0.8219329119,1.0105710030
test,-0.7750231028,0.5436904430,0.7020199895
test,0.4016244411,0.3616844416,2.9548172951
test,0.8294939995,0.2736018896,1.7954704762
test,-0.2515084743,0.0007640123,0.4914233983
test,-0.5947812796,-0.1707646847,0.3958047330
test,0.5159394741,0.8989119530,6.0908594131
test,-0.9938738346,-0.8577551842,2.0472538471
test,0.6625988483,0.2624735832,2.5631489754
test,0.9170577526,-0.4691120386,1.6123586893
test,-0.5441738367,-0.3963122368,0.4346028566
test,0.2903032303,0.8844640255,4.8211631775
test,0.9415673018,-0.3826130629,1.3894878626
test,0.4169002771,0.3868452311,3.0519011021
test,0.5832288265,0.6349714994,3.9322018623
test,0.6939979792,-0.1518969536,2.3233923912
test,0.4665522575,0.2019585371,2.8158707619
test,-0.9708806276,0.7809073925,1.6794439554
test,0.0847153664,0.4132426977,1.5430792570
test,0.3136830330,0.1939622164,2.3896574974
test,0.1071804762,0.2609351873,1.4895555973
test,-0.0438950062,0.0330555439,0.8725189567
test,-0.5581021309,-0.7984191179,0.7075734138
test,0.7197227478,0.6764202118,3.4164855480
test,-0.0966997147,-0.5580106974,1.0123112202
test,-0.5274846554,-0.7732754946,0.6714474559
test,-0.9209936857,-0.1428540945,0.7983105183
test,0.0445295572,-0.3406653404,1.2910951376
test,-0.9670342207,0.8224339485,1.7736113071
test,-0.3545876741,-0.0127755404,0.4076714218
test,0.5947111845,-0.4734795094,3.2551627159
test,0.8564332724,-0.8618015051,3.2497978210
test,0.2905523777,0.0773848295,2.2193310261
test,-0.6670451164,0.5303976536,0.5576027036
test,0.2170206308,0.4925997257,2.3936960697
test,-0.3884752989,-0.5837236643,0.5496277213
test,0.2216747999,0.4885090590,2.4111657143
test,0.2600320578,0.4909168482,2.6380417347
test,-0.1103345156,0.3777076006,0.8211385012
test,0.7521811724,-0.6643891335,3.1382260323
test,0.4534485340,-0.4190248251,3.2056245804
test,-0.8400931358,-0.5825152397,0.8674709797
test,0.8318730593,-0.5623010397,2.2708404064
test,-0.0051027536,0.2642250061,1.0552574396
test,-0.6760677099,0.2555148602,0.4558484852
test,0.0852458477,0.6328910589,1.9448192120
test,-0.3394256830,0.1854888201,0.4312661290
test,-0.1098686457,-0.3306275606,0.7953006625
test,0.3362089396,0.7064214945,3.9335346222
test,0.2717729807,0.3105245829,2.3401346207
test,-0.0967606306,-0.6772431135,1.1727316380
test,0.4943374395,0.7155528069,4.5351471901
test,-0.0855275393,-0.7612252235,1.3688795567
test,0.1090713739,-0.5101225376,1.8152379990
test,0.9051269293,-0.2896647453,1.4587279558
test,0.4134063721,0.0240718126,2.6216495037
test,0.4286017418,-0.6107003689,3.8493492603
test,-0.5923670530,-0.2083102465,0.4005970061
test,0.5604649782,0.3543504477,3.0270142555
test,0.0231485367,0.6487852335,1.6381727457
test,0.8774011135,-0.7047619820,2.3926291466
test,-0.8972133398,-0.9659414291,1.8509733677
test,0.0038065910,-0.1062736511,1.0235249996
test,0.6784701347,-0.3240082264,2.5905616283
test,-0.9943231344,0.4400194883,1.1921802759
test,-0.3362596035,-0.2303847075,0.4415304959
test,0.1299037933,-0.7338793278,2.5483584404
test,0.7182190418,0.9818074703,5.6860370636
test,-0.0687997341,0.9770444632,2.0962586403
test,0.4118330479,-0.5589957237,3.5764141083
test,-0.6191655397,-0.3316738605,0.4401099086
test,0.6436735392,-0.7096164227,4.0690460205
test,0.0155483484,0.3617451191,1.1968423128
test,0.4312777519,-0.8167814016,5.1753988266
test,-0.5483536720,-0.5067702532,0.4811057746
test,0.7920578718,-0.4084993601,2.1698491573
test,-0.2965370417,-0.5370107889,0.5979823470
test,0.1092566252,0.6100592613,2.0313730240
test,0.2880409956,-0.6703314781,3.4408285618
test,-0.5668138266,0.7034546137,0.6168045998
test,-0.0904593468,-0.7348991632,1.2965413332
test,-0.3121045828,0.5429916382,0.5851196647
test,-0.4426263571,0.2749160528,0.4032409489
test,0.5557674170,-0.0810222626,2.6946182251
test,-0.8551864624,-0.5767760277,0.8987572193
test,-0.0478839874,0.1193423271,0.8731720448
test,0.3180710077,0.9963170290,6.2570757866
test,0.4813748598,-0.2236491442,2.8528187275
test,-0.3896807432,0.7814874649,0.7190546393
test,-0.0297459364,0.4213564396,1.0878764391
test,-0.3627396822,-0.5855517387,0.5680264235
test,-0.2519088984,0.3498007059,0.5548962951
test,-0.5417654514,0.7605336905,0.6616670489
test,-0.6647335291,0.9881197214,1.1133067608
test,-0.3761308193,-0.0573436022,0.3977447152
test,-0.8945915699,-0.3694800138,0.8281048536
test,0.4023710489,0.5286560059,3.4308536053
test,-0.1177703142,-0.3798887730,0.8046987653
test,-0.9311462641,0.2157946825,0.8453029990
test,-0.1971690655,0.0103766918,0.5596412420
test,0.0405589342,-0.7639657259,2.0354537964
test,0.8018016815,0.3257690668,1.9923646450
test,0.4811778069,0.8544828892,5.6315979958
test,-0.1953526735,-0.2853388786,0.6098799706
test,0.1824300289,0.7899378538,3.2099602222
test,-0.7047501802,-0.4687348604,0.5596503019
test,0.1792707443,-0.3315190077,1.9036933184
test,0.5692708492,0.5602355003,3.6337954998
test,0.0166647434,0.3176120520,1.1655666828
test,-0.0219664574,0.5932542086,1.3270993233
test,-0.6536128521,0.7296401262,0.7022810578
test,-0.8673032522,0.8629275560,1.4045755863
test,0.0597361326,0.0188326836,1.2055327892
test,-0.7394800186,-0.9372694492,1.1599631310
test,0.8977265358,0.8746018410,2.9468297958
test,-0.1394995451,-0.0488239527,0.6557521224
test,-0.2059320211,-0.6878237724,0.8783961535
test,-0.8147124052,-0.3324154615,0.6445017457
test,0.4493188858,-0.6840313673,4.2855558395
test,-0.0919454098,-0.0195696354,0.7524114847
test,0.8127579689,0.9380582571,4.1990132332
test,-0.9133895636,-0.7044696808,1.2554925680
test,0.2002738714,-0.8371701241,3.6303715706
test,0.5769125223,-0.9242806435,6.2043113708
test,-0.2666661739,0.7763123512,0.8689385056
test,0.9392511845,-0.4814821482,1.5242716074
test,-0.2490363121,-0.1904776096,0.5123839378
test,0.6157538891,-0.8444221020,5.1947727203
test,0.9222381115,0.0390272141,1.2755742073
test,-0.4334654808,-0.6066139936,0.5432132483
test,-0.2604396343,0.0896806717,0.4858424962
test,-0.4936536551,0.5409168005,0.4930176437
test,0.5328060389,-0.4180020094,3.2201225758
test,-0.3284709454,-0.7762011290,0.7742978334
test,-0.4473400116,-0.8286602497,0.7410636544
test,-0.7152658701,0.3279371262,0.5104997754
test,-0.4622484446,0.2357128859,0.3916390538
test,0.0046510696,-0.5150812864,1.3230239153
test,0.6746261120,-0.9806666374,6.1408319473
test,-0.9968856573,0.4089592695,1.1705385447
test,-0.0135099888,0.2270647287,1.0091700554
test,0.4327480793,0.5840883255,3.7393908501
test,-0.2957785130,0.0498448610,0.4499286711
test,-0.3456841707,-0.8042430878,0.7882323265
test,0.8293652534,-0.2476805449,1.7719885111
test,-0.3733097315,-0.5776712894,0.5553646684
test,-0.3073469400,0.5185307264,0.5749381185
test,-0.1909922361,0.6971881390,0.9244211316
test,0.4862530231,0.2744908333,2.9282729626
test,0.1898480654,-0.9026331902,3.9607574940
test,0.6746764183,-0.2663758993,2.5196673870
test,0.5554581881,0.0593806505,2.6868965626
test,-0.3097127676,-0.2825864553,0.4739194214
test,-0.6217367649,0.7991871834,0.7489718199
test,0.2246659994,0.9395333529,4.6245207787
test,0.0643490553,-0.1287677288,1.2427983284
test,-0.8761365414,0.1328191757,0.6964626312
test,0.8481822014,-0.0512627363,1.5867679119
test,-0.7073054314,0.0795644522,0.4543059170
test,-0.5071218014,0.1043305397,0.3719987273
test,0.6323143244,0.2192565203,2.6193239689
test,-0.6323684454,0.0441849232,0.4013899565
test,-0.1707690954,-0.9963161945,1.6185430288
test,0.9597516060,-0.5651437044,1.5612624884
test,0.2514775991,0.8791062832,4.4070668221
test,0.1422426701,0.1462129354,1.5738453865
test,0.4659955502,0.8212969303,5.3059453964
test,0.6381555796,0.0704225302,2.4898896217
test,-0.8444795609,-0.7862062454,1.1603784561
test,-0.5283203125,0.8642654419,0.7795098424
test,0.1532545090,-0.7112358809,2.6351313591
test,0.6351906061,-0.3845021725,2.8834819794
test,0.3793326616,0.8953666687,5.6445136070
test,-0.9845560789,-0.3629907370,1.0868276358
test,0.6329264641,-0.1509919167,2.5519635677
test,0.7949813604,0.4720716476,2.2780475616
test,-0.7104564905,-0.0637158155,0.4560214877
test,0.9323978424,-0.2788515091,1.3344825506
test,0.7414379120,-0.6029546261,2.9725589752
test,-0.4050080776,0.3492808342,0.4343939722
test,0.8677300215,-0.3354132175,1.6756219864
test,0.4174197912,0.3527386189,2.9771308899
test,-0.7221201658,-0.8332493305,0.9305810928
test,-0.6429424286,0.6908642054,0.6547124386
test,-0.2824048996,0.1646184921,0.4732138515
test,0.5076321363,0.2870243788,2.9508569241
test,-0.4346559048,0.5663920641,0.5177809000
test,-0.3528540134,0.9534268379,1.0140796900
test,0.1298015118,0.4423794746,1.8080974817
test,0.4216853380,0.2890642881,2.8675112724
test,-0.1178244352,0.2787109613,0.7527053952
test,-0.8738441467,0.9336099625,1.6251366138
test,-0.0401346684,0.5886685848,1.2470462322
test,-0.3851003647,-0.8592520952,0.8209924698
test,-0.4151633978,-0.2132492065,0.3988309801
test,0.5051082373,-0.5961885452,3.8779711723
test,0.1397180557,-0.5656824112,2.1063871384
test,0.2872340679,-0.3062919378,2.4075610638
test,0.0622580051,0.2659372091,1.3035186529
test,-0.7040387392,-0.8307873011,0.8946822882
test,-0.0269229412,0.5114083290,1.1937007904
test,-0.4405719042,0.6365088224,0.5613117218
test,-0.8978015184,0.2046161890,0.7605523467
test,0.7953008413,-0.6801550388,2.8929450512
test,0.8727906942,-0.0948339701,1.4889631271
test,-0.1987278461,0.4501912594,0.6825802922
test,-0.5117489100,0.5718451738,0.5105268359
test,0.4073626995,0.0888434649,2.6269998550
test,0.3538501263,0.5867673159,3.4581313133
test,0.5391246080,0.6272237301,3.9982838631
test,-0.7809416056,0.2862932682,0.5751190782
test,-0.3745249510,-0.6020052433,0.5706968307
test,0.4362391233,-0.4338026047,3.2161645889
test,0.2296110392,0.8039301634,3.6939582825
test,-0.6495395899,-0.1530913115,0.4196957350
test,-0.5340874195,-0.8211798668,0.7261961699
test,-0.1292446852,0.2925728559,0.7339090109
test,0.4279779196,0.8413420916,5.3782753944
test,-0.2063310146,-0.9092003107,1.2496784925
test,0.2194744349,0.7743725777,3.4411435127
test,0.8057817221,-0.2876565456,1.9265683889
test,-0.5987073183,-0.7710387707,0.6992109418
test,0.1438509226,0.9680589437,3.9504625797
test,-0.1041398048,0.8296986818,1.4434561729
test,0.1618357897,0.9328941107,3.8848755360
test,0.1896120310,0.9611779451,4.4146914482
test,0.3165043592,0.8284997940,4.5942459106
test,0.2865043879,0.5617111921,3.0008516312
test,0.4805020094,0.3706862926,3.1128318310
test,0.9893949032,0.7894630432,1.9281529188
test,0.9559302330,-0.2359604836,1.2137134075
test,0.4226589203,-0.9667328596,6.7207450867
test,-0.2615759373,0.6162821054,0.7028967738
test,0.7814999819,-0.1639657021,1.9360904694
test,-0.5853319168,-0.7022297382,0.6242807508
test,0.0328463316,-0.6485967636,1.6882364750
test,-0.5878041983,0.9086548090,0.8723698258
test,0.2580658197,-0.6223790646,3.0408935547
test,-0.6192977428,-0.2921078205,0.4294459522
test,0.5958657265,-0.3166795969,2.8727669716
test,0.1075307131,-0.2638651133,1.4933974743
test,-0.6295258999,0.8603568077,0.8368325233
test,0.2945802212,0.4424474239,2.7037827969
test,-0.6196395159,0.0552910566,0.3956854641
test,0.5872064829,0.5305935144,3.4702775478
test,-0.1438993216,0.5569988489,0.8811005354
test,0.4986679554,0.0249851942,2.7199554443
test,-0.5236955881,0.7134956121,0.6137580872
test,-0.5841021538,-0.5749831200,0.5300985575
test,0.8163009882,-0.5061769485,2.2295887470
test,0.1600127220,0.7482780218,2.8340554237
test,-0.3033566475,0.1464400291,0.4521571100
test,0.2893985510,0.9213492870,5.1442527771
test,-0.7159205675,0.2030999660,0.4783707261
test,0.0938539505,-0.3930116892,1.5605765581
test,-0.6710882187,0.1936818361,0.4397785366
test,-0.6219468117,-0.9334222078,0.9453210831
test,-0.2245627642,-0.4291833639,0.6286349297
test,0.0926531553,0.2811083794,1.4419659376
test,0.5594161749,0.1239185333,2.7128102779
test,0.4176114798,0.5947017670,3.7447690964
test,0.2807328701,-0.1456831694,2.2104637623
test,-0.7301161289,0.0206574202,0.4726297557
test,-0.1765763760,-0.5498410463,0.7990038395
test,0.6345652342,0.1815947294,2.5726618767
test,-0.8112388849,0.3161172867,0.6319594979
test,-0.6772223711,-0.2576135397,0.4572126269
test,-0.6357806921,0.5589219332,0.5499117374
test,-0.9451854229,-0.4531447887,1.0345692635
test,0.4883574247,-0.6254923344,4.0171465874
test,0.5410927534,0.1703782082,2.7751572132
test,-0.0627653599,-0.0982924700,0.8300689459
test,-0.2708472013,-0.3978118896,0.5523274541
test,-0.0928947926,0.6118075848,1.0904560089
test,-0.1671760082,0.1481633186,0.6191344857
test,-0.2236803770,0.4003231525,0.6150624752
test,-0.7895750999,0.8236405849,1.0665431023
test,0.6222852468,-0.2509583235,2.6914758682
test,-0.6715918779,-0.8479180336,0.8700360656
test,0.9451761246,-0.7850987911,2.1984751225
test,-0.0350366831,-0.8278006315,1.7778503895
test,-0.6896103621,0.7580295801,0.7763442993
test,-0.2015815973,-0.6988985538,0.9018215537
test,0.8539025784,0.2392072678,1.6491379738
test,-0.0372645855,0.2239091396,0.9355061054
test,0.4005006552,-0.7556815147,4.5841097832
test,-0.1230205297,-0.0361059904,0.6868584156
test,-0.0603634119,-0.1566333771,0.8487686515
test,0.4515222311,0.7663761377,4.8344020844
test,0.1563725471,0.8363838196,3.2261006832
test,0.7398545742,-0.0877307653,2.0896110535
test,0.9176994562,-0.3072047234,1.4191502333
test,-0.7300364971,0.5481711626,0.6379192472
test,0.3784186840,0.0565974712,2.5373990536
test,0.6174560785,-0.6862822771,4.0701184273
test,-0.9613318443,-0.0472873449,0.8878568411
test,0.9365217686,-0.3298637867,1.3592236042
test,-0.5349606276,0.6462740898,0.5619714260
test,0.6345007420,0.1701972485,2.5625803471
test,-0.0714452267,0.8226491213,1.5748808384
test,-0.1241713762,-0.1983401775,0.7111027837
test,-0.8396005630,-0.8185595274,1.2058526278
test,-0.9353942871,-0.7655048370,1.4687674046
test,0.9744554758,-0.3150280714,1.1965075731
test,-0.1979484558,-0.0032166243,0.5584732890
test,-0.1105819941,-0.2509148121,0.7576760054
test,0.9039160013,-0.4920682907,1.7150198221
test,-0.0524988174,-0.4874361753,1.0761725903
test,-0.5894013643,-0.2808462381,0.4139781594
test,0.8868700266,0.5565994978,1.9304940701
test,-0.3992688656,0.7945703268,0.7268738747
test,0.9682998657,-0.3157334328,1.2203184366
test,-0.1214369535,0.5581640005,0.9410386086
test,0.3952457905,-0.4459251165,3.1430211067
test,0.1510891914,0.2358087301,1.6696974039
test,-0.5514132977,0.5175263882,0.4871659577
test,0.7860863209,0.1964007616,1.9370163679
test,-0.9565043449,-0.0882196426,0.8794682026
test,-0.1290627718,-0.2897696495,0.7330968380
test,0.5303099155,-0.8415218592,5.4938478470
test,0.0090955496,-0.3511408567,1.1640095711
test,0.5933905840,-0.6878560781,4.1804275513
test,0.8439030647,0.0810829401,1.6121149063
test,-0.7913873196,0.4804607630,0.6848092675
test,0.0341948271,0.0820811987,1.1207039356
test,-0.3647753000,-0.8412470818,0.8159387708
test,0.8520854712,0.5805946589,2.1929183006
test,0.0747315884,0.3328534365,1.4097561836
test,-0.4807336330,0.0795370340,0.3708926439
test,-0.0443468094,-0.0550130606,0.8729797602
test,0.3387092352,-0.6475249529,3.6460139751
test,0.5123856068,0.3924250603,3.1684434414
test,-0.6224232912,0.0982736349,0.3996007442
test,-0.4703260660,-0.5765001774,0.5151457787
test,-0.2575031519,0.4351423979,0.5861217380
test,0.0065970421,-0.1084061861,1.0330086946
test,0.8023523092,-0.8753809929,3.8500356674
test,-0.0272698402,-0.4276616573,1.1022224426
test,0.2746584415,0.9804426432,5.5899834633
test,0.0143389702,0.2729295492,1.1269586086
test,-0.6728128195,-0.0018790960,0.4247703552
test,-0.8898777962,-0.3281756639,0.7934221625
test,-0.0883188248,0.2575435638,0.8125427961
test,-0.3301060200,-0.0447033644,0.4236222208
test,0.3776439428,0.2034987211,2.6338272095
test,-0.0685992241,-0.7013157606,1.3204826117
test,0.9303032160,-0.5513242483,1.6839997768
test,-0.7497888803,-0.6503833532,0.7523323298
test,0.7938123941,-0.6445945501,2.7701508999
test,-0.3042801619,-0.6155726910,0.6453790069
test,-0.1889450550,0.5873005390,0.8070116043
test,0.7312819958,0.0749177933,2.1234755516
test,0.6754679680,0.4936565161,2.9908802509
test,-0.1616941690,-0.8946295977,1.3688229322
test,0.4321316481,0.8409433365,5.3899788857
test,-0.7608422041,0.7141326666,0.8414485455
test,0.4907039404,-0.6554497480,4.1753077507
test,-0.7690253258,0.3279680014,0.5734740496
test,-0.2085671425,0.3191338778,0.6020001769
test,0.5519429445,0.2509595156,2.8567817211
test,-0.0032768250,-0.4096664190,1.1706185341
test,0.0291560888,-0.9061301947,2.4906418324
test,0.6062039137,-0.6413953304,3.8815767765
test,-0.1730108261,0.0877649784,0.6008214951
test,-0.3815764189,0.0855563879,0.3968216479
test,0.9719500542,0.3590918779,1.2422872782
test,-0.5947113037,0.4426350594,0.4676039815
test,0.9962185621,-0.0354896784,1.0132255554
test,-0.9672540426,0.5024424791,1.1615500450
test,-0.1539051533,0.8925784826,1.3934867382
test,-0.2340772152,0.5932670832,0.7269484997
test,0.2102998495,-0.6952964067,2.9954311848
test,0.0519388914,0.5366827250,1.5690590143
test,0.6244214773,0.6749968529,3.9756736755
test,0.8102456331,0.3820141554,2.0286684036
test,0.8273861408,-0.0916085243,1.6895872355
test,-0.6133643389,0.3321526051,0.4373931885
test,-0.1847231388,0.7805174589,1.0628051758
test,-0.3291909695,0.1433925629,0.4321925938
test,0.4324768782,-0.5793293715,3.7180790901
test,0.7196872234,0.5806034803,3.0290212631
test,-0.4041773081,0.7942348719,0.7230905294
test,-0.1728250980,0.2461493015,0.6337687373
test,0.5852441788,0.1670827866,2.6973540783
test,0.6337124109,0.8736863136,5.3462119102
test,0.1162542105,-0.3212714195,1.5846654177
test,0.5210634470,-0.7575953007,4.8151254654
test,-0.4376316071,0.5061987638,0.4845044315
test,-0.0786210299,0.0664770603,0.7865709662
test,0.0120457411,0.6338970661,1.5521782637
test,-0.9975479841,-0.8354911804,1.9943982363
test,-0.6174367666,0.3201971054,0.4359688461
test,-0.6788232327,0.4295511246,0.5159276128
test,-0.1053650379,0.5342211723,0.9611642957
test,0.7901595831,-0.6555031538,2.8354341984
test,0.8935960531,0.6427584887,2.0985057354
test,0.4748795033,0.5250291824,3.5699200630
test,-0.1094237566,0.8060942888,1.3671851158
test,-0.4046123028,-0.3127144575,0.4241603017
test,-0.9012360573,0.0285247564,0.7374863029
test,-0.1707475185,0.3004435301,0.6565246582
test,-0.7760896683,0.9853485823,1.3827450275
test,0.1066538095,0.9924498796,3.7202293873
test,-0.6498929262,-0.2693134546,0.4410357475
test,-0.3499228954,-0.3406795263,0.4607802629
test,0.6704356670,0.0487785339,2.3688957691
test,0.9494309425,-0.3673290014,1.3406176567
test,0.7247684002,0.5011857748,2.7512776852
test,0.2468473911,0.2595990896,2.1542887688
test,0.1441539526,-0.1087956429,1.5673514605
test,-0.2977316380,-0.6365064383,0.6705430746
test,-0.4800820351,-0.1299045086,0.3748731017
test,0.5476913452,0.9574166536,6.7223896980
test,0.2269423008,0.1837166548,1.9893893003
test,0.6179281473,0.3130931854,2.8015706539
test,-0.6673791409,-0.3116825819,0.4640522897
test,-0.6921730042,-0.5231329203,0.5772060156
test,-0.8093384504,-0.5655769110,0.7835473418
test,0.0751047134,-0.3386366367,1.4168555737
test,0.4617811441,-0.0798747540,2.7160549164
test,0.4684336185,0.5018906593,3.4798216820
test,-0.3382942677,0.2218228579,0.4384510219
test,0.8394563198,-0.5078213215,2.0983097553
test,0.0918937922,0.0890357494,1.3399425745
test,-0.5721957684,0.1202272177,0.3829181194
test,0.8628724813,-0.8227730989,2.9878447056
test,-0.9877461195,0.9630963802,2.4328601360
test,0.3098399639,-0.2912606001,2.4883768559
test,-0.8183180094,0.3044658899,0.6391723156
test,0.5014278889,-0.9254225492,6.4006323814
test,-0.8796733618,-0.7546961308,1.2219989300
test,0.9605374336,0.7001324892,1.8475183249
test,-0.2123805285,0.9636609554,1.3632115126
test,-0.6233321428,0.1742477417,0.4083993733
test,-0.2973865271,0.4116276503,0.5300804377
test,0.7682485580,-0.7708997726,3.5244188309
test,-0.9304913282,-0.0825446844,0.8107277155
test,-0.3267035484,-0.8920669556,0.9421028495
test,0.6116588116,0.2883992195,2.7795162201
test,0.9885972738,-0.7038724422,1.7010595798
test,-0.4100371599,-0.2937349081,0.4172598720
test,0.5980942249,-0.7244824171,4.3831357956
test,0.0396174192,-0.0419005156,1.1341645718
test,0.2824122906,-0.7332354784,3.7171452045
test,0.9020847082,-0.3938310146,1.5807263851
test,0.1073690653,-0.0474780798,1.3954317570
test,-0.9114876986,0.0353103876,0.7609003186
test,0.1532503366,-0.4540474415,1.9527214766
test,0.3344937563,-0.4493933916,2.9147870541
test,-0.1319159269,0.2621755600,0.7161048651
test,-0.9800974131,-0.5169041157,1.2271629572
test,0.8800257444,-0.3802880049,1.6697404385
test,-0.7506732941,-0.2695192099,0.5310129523
test,-0.9753974676,0.8232420683,1.8230543137
test,0.2714041471,0.7645320892,3.8096234798
test,0.1278879642,0.6464647055,2.2455856800
test,-0.4087589979,-0.9315556288,0.9126499891
test,-0.9775190353,-0.7580391169,1.6554220915
test,-0.4020800591,-0.8583445549,0.8054934740
test,0.3675073385,0.8731055260,5.3491072655
test,0.8120652437,-0.6993597746,2.8457012177
test,-0.2772939205,-0.9820350409,1.2205802202
test,0.4505304098,-0.6736682653,4.2282004356
test,-0.4056270123,0.1424130201,0.3921586275
test,-0.4821852446,-0.5015646219,0.4738487005
test,0.9656010866,0.0076998472,1.1139544249
test,0.7361290455,-0.8851202726,4.5753221512
test,-0.8141257763,-0.5536818504,0.7828981280
test,-0.7450401783,0.4932609797,0.6220517755
test,-0.2707147598,0.4298580885,0.5673288107
test,-0.3302402496,-0.1340796947,0.4303533435
test,-0.6198215485,0.7361111641,0.6783288121
test,0.6836868525,0.7387889624,3.9903318882
test,0.3826191425,-0.8610458374,5.3343868256
test,0.1986277103,0.1428977251,1.8307244778
test,0.1182780266,-0.0659706593,1.4440352917
test,0.3604916334,0.2231553793,2.5994033813
test,-0.8482270241,-0.3608468771,0.7198332548
test,0.9182335138,0.4417285919,1.5670349598
test,0.1639726162,-0.2209604979,1.7185416222
test,-0.8025503159,0.7126795053,0.9292546511
test,0.9554455280,-0.3767323494,1.3250398636
test,0.7143485546,0.4247999191,2.6173527241
test,-0.3612638712,0.7444227934,0.7030373812
test,0.0175771713,-0.7912384272,1.9763475657
test,-0.2117804289,0.8794721365,1.1690063477
test,-0.3042000532,0.2075203657,0.4613319933
test,-0.6035497189,0.7407398224,0.6710874438
test,0.2428776026,-0.6188167334,2.9271910191
test,-0.6762717962,-0.3687603474,0.4894066453
test,0.5779416561,0.1198155880,2.6765451431
test,0.8062952757,0.9785386324,4.6145248413
test,-0.5768204927,-0.2927720547,0.4125889838
test,-0.8119889498,-0.9640176296,1.4512505531
test,-0.8267153502,0.9361838102,1.4312441349
test,0.0325529575,-0.2754030228,1.1947498322
test,-0.2686440945,-0.1383596659,0.4828042686
test,0.7966042757,0.2176784277,1.9036366940
test,0.3957035542,-0.3576878309,2.9292299747
test,0.2554738522,-0.6968321800,3.3358798027
test,-0.4564892054,0.5211820602,0.4872191548
test,-0.2680075169,-0.0339748859,0.4748280644
test,0.1184557676,0.8350414038,2.8889808655
test,-0.0019226074,-0.3463276625,1.1206432581
test,0.9224408865,0.5666241646,1.7547357082
test,-0.2042450905,-0.1907129288,0.5699819326
test,0.4791866541,-0.2959109545,2.9607017040
test,-0.2124798298,0.7896082401,1.0044467449
test,-0.3303505182,0.7609941959,0.7541304827
test,-0.8153579235,0.1388578415,0.5893110633
test,0.7333822250,0.5834647417,2.9549248219
test,0.9922814369,-0.1114561558,1.0373492241
test,0.2074054480,0.8116416931,3.5438315868
test,0.2967211008,-0.9822610617,5.8576951027
test,0.6837575436,-0.5767890215,3.2240214348
test,-0.2800664902,0.1244330406,0.4699340761
test,-0.0246706009,0.3412809372,1.0398175716
test,-0.1492871046,0.5786521435,0.8894468546
test,-0.7560216188,0.5573980808,0.6818731427
test,-0.2923921347,-0.9142996073,1.0420657396
test,0.1536319256,-0.9252171516,3.7439978123
test,0.4088467360,0.2044556141,2.7212152481
test,-0.5688251257,0.8243035078,0.7428664565
test,-0.1789298058,-0.4713859558,0.7328748703
test,0.0963093042,-0.0249584913,1.3479598761
test,0.4909658432,-0.0578191280,2.7262861729
test,-0.7745645046,0.2861557007,0.5663162470
test,0.2540091276,0.0088807344,2.0463042259
test,-0.8552989960,-0.4702450037,0.8041536808
test,0.2522740364,-0.0435670614,2.0422220230
test,0.2092449665,-0.0626403093,1.8495732546
test,0.7334222794,-0.2765830755,2.2692649364
test,0.9887146950,0.2669985294,1.1126388311
test,0.4995833635,-0.4367948771,3.2896757126
test,-0.6109412909,-0.7913978100,0.7308372259
test,-0.3145413399,-0.0013523102,0.4338685870
test,-0.5264941454,0.7786633968,0.6769070029
test,-0.4635893106,0.6580934525,0.5709932446
test,-0.8230654001,-0.7941110134,1.1084264517
test,-0.8507044315,-0.4468272924,0.7769627571
test,0.7682379484,-0.2400480509,2.0607647896
test,-0.4342329502,0.8757517338,0.8091343641
test,-0.6456408501,0.2524343729,0.4345618784
test,-0.3380517960,-0.2883059978,0.4537443221
test,-0.5182962418,-0.7022966146,0.6034283042
test,0.2536092997,0.4703135490,2.5504601002
test,-0.9200868607,-0.1444382668,0.7964721918
test,-0.8188772202,-0.4091937542,0.6897940636
test,0.8958294392,-0.8194338083,2.6991117001
test,0.9819191694,-0.0737200975,1.0641821623
test,0.3741117716,-0.7375591993,4.3353471756
test,0.3249862194,-0.6406376362,3.5361342430
test,0.8975055218,-0.5864280462,1.9354857206
test,0.1378730536,-0.6977230310,2.4757447243
test,-0.8591976166,0.0695868731,0.6549369097
test,0.8169517517,0.4495502710,2.1085131168
test,0.5652835369,0.8147020340,5.1695265770
test,0.5683652163,0.8603355885,5.5689220428
test,0.5976086855,-0.5204293728,3.4014365673
test,0.1409212351,-0.2994526625,1.6787813902
test,-0.1219199896,0.9897679090,1.8329275846
test,0.7079294920,-0.4088449478,2.6150393486
test,0.0088908672,-0.7586677074,1.8285156488
test,-0.1923961639,-0.3813259602,0.6551546454
test,0.3242584467,-0.3471615314,2.6430716515
test,0.5807416439,0.4524624348,3.2307789326
test,0.9559693336,0.5641125441,1.5779216290
test,-0.5484755039,0.7401708364,0.6436672807
test,0.8217762709,-0.6358309984,2.5482017994
test,-0.8235137463,0.7382044792,1.0186436176
test,0.8531225920,0.5133439302,2.0314500332
test,-0.9945800304,0.2250713110,1.0342025757
test,0.0556287766,0.5268228054,1.5705360174
test,-0.0816003084,-0.1901338100,0.8046036959
test,-0.8244329691,0.9886932373,1.5738072395
test,-0.9944275618,-0.5970869064,1.4035537243
test,0.0373109579,-0.6686890125,1.7578519583
test,-0.7274237871,0.3081437349,0.5166001320
test,0.3553758860,-0.9872839451,6.5095868111
test,0.6828111410,-0.0122848749,2.3157043457
test,0.1509627104,-0.8427307606,3.2119503021
test,-0.3014521599,0.6918141842,0.7167105675
test,-0.2068953514,-0.5806316137,0.7648785710
test,-0.3979437351,0.4778450727,0.4864094257
test,0.1069018841,0.9352306128,3.3341600895
test,-0.0240081549,-0.6034059525,1.3347531557
test,0.0381654501,-0.5915070772,1.5991845131
test,-0.3257095814,0.5328210592,0.5655794144
test,0.1283919811,0.4910653830,1.8844797611
test,-0.8911929131,0.5995382071,1.0245326757
test,-0.8926012516,-0.1398866177,0.7323700786
test,-0.9616920948,0.9541559219,2.2041811943
test,0.1885848045,0.6230775118,2.5770008564
test,-0.6728122234,0.7210751772,0.7144361138
test,-0.5506206751,-0.5959615707,0.5314154625
test,-0.9726480246,0.1090635061,0.9287385345
test,0.4938668013,-0.7602629662,4.8443551064
test,-0.3710170984,-0.4260166883,0.4782944620
test,0.2424993515,-0.1120066643,2.0193896294
test,0.9347416162,0.8811095953,2.6642858982
test,-0.8997255564,0.4422448874,0.8920292854
test,0.3349865675,0.5218203068,3.1296057701
test,0.8709924221,-0.5317653418,1.9680807590
test,-0.3554340601,0.8399505615,0.8243915439
test,-0.2440091372,-0.0805246830,0.5029875636
test,0.2419476509,0.4208060503,2.3775544167
test,-0.7050406933,0.1343510151,0.4576925337
test,0.5449286699,-0.7894837856,5.0195479393
test,0.0430842638,-0.1846621037,1.1841679811
test,0.4856241941,0.1115708351,2.7495255470
test,-0.3571467400,-0.1272042990,0.4127995074
test,0.1575303078,-0.5840462446,2.2615494728
test,0.8873767853,-0.9724513292,3.6405751705
test,-0.6544492245,0.0806266069,0.4155828357
test,0.6268731356,0.1114308834,2.5447397232
test,0.2070108652,0.4814583063,2.3100340366
test,0.7426550388,0.8682048321,4.3798441887
test,-0.1451948881,-0.5593882799,0.8802285194
test,0.7218060493,-0.7068974972,3.5487244129
test,-0.7891463041,-0.1127984524,0.5475505590
test,0.3422855139,0.3468471766,2.7184071541
test,0.7990566492,0.4272450209,2.1656453609
test,-0.3374344110,-0.7132050991,0.6950761676
test,0.5214236975,-0.1070904732,2.7434170246
test,-0.4466423988,0.6826237440,0.5945156813
test,-0.2343357801,-0.3631941080,0.5830060840
test,-0.6921544075,0.0034015179,0.4390044510
test,0.8831251860,-0.2379299402,1.5152627230
test,0.4889456034,0.6044911146,3.9149656296
test,0.2803422213,-0.8321206570,4.3215875626
test,0.6371096373,-0.2273173332,2.6125559807
test,-0.1392467022,0.4696621895,0.8162339926
test,0.8395104408,0.8439152241,3.3045279980
test,0.9536126852,-0.8378298283,2.3330430984
test,-0.6994962692,0.8955543041,0.9921027422
test,0.8771662712,0.7273273468,2.4729015827
test,0.6635315418,-0.6643240452,3.7144639492
test,-0.7527817488,-0.5306563377,0.6575042009
test,0.5823291540,0.2844475508,2.8509376049
test,0.9965065718,0.3621220589,1.1526999474
test,0.6691540480,0.0364519358,2.3712577820
test,0.6308555603,0.0873717070,2.5201480389
test,0.1884460449,-0.2266505957,1.8393449783
test,-0.4646565914,-0.7984067202,0.7002003789
test,0.4647041559,-0.9342253208,6.4665026665
test,-0.3277283907,-0.0430082083,0.4251821041
test,-0.9993209839,0.2340300083,1.0540469885
test,0.2134294510,-0.2240612507,1.9573427439
test,0.8618038893,-0.5220961571,2.0001640320
test,-0.8885872364,-0.3015489578,0.7772613168
test,-0.1857157946,0.3207108974,0.6388756633
test,0.0214265585,0.2410430908,1.1335614920
test,0.4327325821,0.4051005840,3.1325895786
test,-0.0511522293,-0.8742554188,1.8299961090
test,0.9021476507,0.8467721939,2.7721304893
test,0.4722524881,0.9327973127,6.4644227028
test,0.2152845860,0.4206187725,2.2319157124
test,0.2403411865,0.7655247450,3.5656852722
test,-0.7963328362,0.0621428490,0.5525537133
test,-0.8988240957,0.3098998070,0.8053403497
test,0.3039830923,0.4787315130,2.8447992802
test,-0.6643599272,0.9879844189,1.1123636961
test,-0.8589777946,-0.0525910854,0.6531705856
test,-0.4597805738,0.1674630642,0.3813703954
test,-0.2935715914,0.0695185661,0.4528703094
test,-0.4259107113,0.6947820187,0.6124354005
test,0.8461252451,0.9323446751,3.7964606285
test,-0.5660140514,-0.4951318502,0.4802654386
test,0.3206310272,0.4147288799,2.7659623623
test,-0.0770225525,-0.6385219097,1.1830444336
test,0.6241964102,0.6053028107,3.6372730732
test,-0.3574403524,-0.2614346743,0.4347318411
test,-0.3426375389,-0.9740689993,1.0709456205
test,0.2815550566,0.5907056332,3.0726833344
test,0.8372617960,0.7942812443,3.0653343201
test,-0.1530045271,0.0109294653,0.6298579574
test,0.8359287977,-0.5729831457,2.2732982635
test,-0.9405779839,-0.1365267038,0.8462352753
test,-0.7030938864,0.1631234884,0.4599412978
test,-0.2766456604,-0.7537056208,0.8222742081
test,-0.5314822197,0.3049547672,0.4057104588
test,0.5388563871,0.1339440346,2.7469730377
test,-0.2401416302,-0.9946615696,1.3559200764
test,0.8768433332,-0.9442481995,3.5570495129
test,0.8668619394,-0.5533000231,2.0387094021
test,0.2805463076,0.1526435614,2.2142331600
test,0.6729375124,-0.9790365696,6.1381316185
test,-0.0991002321,0.5803959370,1.0310028791
test,-0.5615271330,-0.7915098667,0.7012512088
test,-0.3364665508,0.5605274439,0.5730891228
test,0.1483014822,0.8654699326,3.3143708706
test,0.4780979156,-0.4510995150,3.3238523006
test,-0.1519933939,-0.1310253143,0.6424965858
test,-0.5279251337,-0.4881427288,0.4686631858
test,-0.1053110361,0.8890389204,1.5928875208
test,-0.3542522192,0.9997773170,1.1080071926
test,0.0402525663,-0.7914309502,2.1222636700
test,-0.6485970020,0.7388662100,0.7067519426
test,0.3050453663,-0.3576428890,2.5757482052
test,-0.0128388405,-0.4684716463,1.1961908340
test,-0.4746809006,-0.6571501493,0.5683647990
test,-0.7660487890,0.7946817875,0.9617000818
test,-0.5080256462,-0.0261887312,0.3682488799
test,-0.5947765112,0.6267133951,0.5693672895
test,0.9606568813,0.1461796761,1.1556396484
test,-0.1337919235,-0.5043988228,0.8575856686
test,-0.6170332432,-0.3775113821,0.4535488784
test,-0.8217811584,0.7840697765,1.0872718096
test,0.4214303493,-0.0837234259,2.6556794643
test,0.7626402378,0.0397617817,1.9739924669
test,-0.0008862019,0.0037639141,0.9972339272
test,0.8966403008,0.7588953972,2.4472379684
test,0.0028221607,0.7263867855,1.7100176811
test,-0.9230737686,-0.6861840487,1.2605187893
test,0.3614643812,0.7378327847,4.2681202888
test,-0.8115143776,0.1370683908,0.5831246972
test,-0.5483279228,-0.3567435741,0.4226416945
test,-0.2847744226,-0.9121423960,1.0533932447
test,-0.0676345825,-0.4390072823,0.9820061922
test,-0.4972211123,0.0674351454,0.3695702553
test,-0.2210325003,-0.6400425434,0.7943226695
test,-0.8466566801,-0.4289027452,0.7562629580
test,-0.3479578495,-0.4605849981,0.5086795092
test,0.1801476479,-0.3190010786,1.8926540613
test,0.4632219076,0.3277803659,3.0064873695
test,-0.7466613054,0.3507025242,0.5535007715
test,-0.3222818375,-0.3340071440,0.4787452817
test,0.7320920229,0.9947314262,5.6702828407
test,-0.9348106384,0.1197191477,0.8277558088
test,-0.4016294479,0.5668921471,0.5319215655
test,-0.8790737391,-0.7303044796,1.1764671803
test,0.8017309904,-0.6958719492,2.9084339142
test,0.0240936279,-0.3415397406,1.2119971514
test,-0.8836545944,0.7314568758,1.1943517923
test,0.9435931444,0.9863945246,3.1558425426
test,0.7721614838,0.0581785440,1.9339947701
test,0.4124110937,0.4014738798,3.0757865906
test,0.1787736416,-0.2807775736,1.8430206776
test,-0.7833946943,0.7048828602,0.8760687113
test,0.2093701363,-0.3190925121,2.0404336452
test,0.3202282190,0.2674133778,2.4998276234
test,-0.0032866001,-0.0810948610,0.9962584376
test,0.4011855125,0.2874487638,2.8146209717
test,0.9510037899,-0.3183951378,1.2900673151
test,0.0662411451,-0.3025408983,1.3473435640
test,-0.1518887281,-0.0107048750,0.6318174601
test,0.7614536285,0.8689562082,4.2050905228
test,-0.9569892883,-0.0733513832,0.8786832690
test,-0.4430803061,-0.0687317848,0.3755624592
test,0.2787808180,0.4591943026,2.6615951061
test,-0.9018061161,-0.7283766270,1.2547255754
test,0.4901262522,-0.7296140194,4.6267542839
test,0.5278306007,-0.4891625643,3.4399614334
test,-0.7852282524,-0.9105017185,1.2267036438
test,0.2633796930,0.2466963530,2.2189958096
test,-0.3428862095,0.0427291393,0.4152755141
test,-0.1253042221,0.0352373123,0.6822735667
test,-0.5969505310,0.0518850088,0.3862458467
test,0.3589864969,0.9095494747,5.6448688507
test,0.1935920715,0.9733471870,4.5666761398
test,0.7470594645,-0.7486097813,3.5752151012
test,-0.5534535646,-0.7088015079,0.6166008711
test,0.7229261398,0.9204796553,5.0123438835
test,0.1247047186,0.8231912851,2.8848421574
test,-0.4849128723,0.9798640013,0.9619974494
test,0.2526305914,0.9957908392,5.4987769127
test,0.6209951639,-0.5202398300,3.3176956177
test,-0.2329349518,-0.1293540001,0.5212802291
test,-0.6825938225,-0.5833823681,0.6067741513
test,-0.7057980299,0.1683199406,0.4630847573
test,-0.0071918964,0.2505527735,1.0410029888
test,-0.2178815603,-0.4610506296,0.6572345495
test,0.0370271206,0.7395570278,1.9406182766
test,0.5839534998,0.4147228003,3.1186950207
test,0.6667300463,0.2515187263,2.5324506760
test,0.2416515350,-0.3794549704,2.2986135483
test,-0.7967979908,0.3702914715,0.6320556998
test,-0.4271494150,0.1042866707,0.3817274570
test,0.6659710407,-0.7800080776,4.3733468056
test,-0.3178254366,-0.2148249149,0.4518080056
test,-0.8214930296,0.6170467138,0.8597497344
test,-0.7643284798,-0.2505865097,0.5423858166
test,-0.2172216177,0.2493503094,0.5663750768
test,0.0950292349,0.5352503061,1.7871478796
test,0.3884855509,-0.3534078598,2.8983905315
test,-0.5785764456,0.9830608368,0.9967283010
test,-0.5081183910,-0.6369060278,0.5521003008
test,-0.4365079403,0.6457029581,0.5693612695
test,-0.1823253632,0.9810802937,1.5227805376
test,-0.1185262203,-0.0502636433,0.6967774034
test,0.4364418983,0.2335736752,2.8142280579
test,-0.6325261593,0.4461597204,0.4889400601
test,0.0207521915,0.3057318926,1.1718933582
test,0.2391723394,-0.4865298271,2.5076866150
test,-0.1015747786,0.8121143579,1.4131360054
test,0.1525471210,0.7919962406,2.9694113731
test,0.3764833212,0.9449535608,6.1631627083
test,0.2070292234,-0.7564902306,3.2471687794
test,0.3731800318,-0.9552729130,6.2602667809
test,0.5645149946,0.6420127153,4.0217251778
test,0.1175411940,0.0699822903,1.4417088032
test,0.1071881056,-0.9103885889,3.1874480247
test,0.2765779495,-0.6821244955,3.4175024033
test,-0.3881274462,-0.0987010002,0.3948971629
test,-0.7389278412,0.7015855312,0.7873771787
test,0.2918760777,-0.3064165115,2.4294011593
test,0.3310966492,-0.1859070063,2.4523630142
test,0.9650223255,-0.4221802950,1.3336249590
test,-0.0656217337,-0.2674846649,0.8753324747
test,-0.1734038591,0.0004467964,0.5955819488
test,0.2050101757,0.1559724808,1.8678222895
test,-0.6733620167,0.8475619555,0.8720083237
test,0.3819128275,0.1148735285,2.5732450485
test,-0.6570188999,-0.3239988089,0.4603331387
test,0.8808655739,0.0223102570,1.4420887232
test,-0.9777513742,0.8740921021,2.0021023750
test,0.5267852545,0.1844820976,2.8024535179
test,-0.2320686579,0.6229933500,0.7572574019
test,-0.9602653980,0.9736522436,2.2784438133
test,0.7655301094,-0.4017541409,2.3006374836
test,-0.5358972549,-0.7805600166,0.6808768511
test,0.1580258608,-0.8856985569,3.5281424522
test,-0.2943630219,-0.4234294891,0.5383808613
test,0.0499614477,-0.2560780048,1.2484350204
test,0.2685503960,-0.0930488110,2.1292071342
test,-0.6335031986,-0.1658669710,0.4123773873
test,0.5108176470,-0.3306303024,3.0305342674
test,-0.0725159645,0.5596272945,1.0912595987
test,0.9159410000,0.0009357929,1.2982552052
test,-0.2865213156,0.3199602365,0.5060927868
test,-0.4749561548,-0.2495595217,0.3927325010
test,0.1777139902,0.8100531101,3.2737476826
test,-0.2681425810,0.4808442593,0.5974836946
test,-0.9890341759,-0.8240596056,1.9052840471
test,0.7145639658,0.9351406097,5.2371325493
test,-0.6997413635,-0.8586581945,0.9303445220
test,0.1479498148,-0.5596597195,2.1414031982
test,-0.0929878950,0.0623571873,0.7526881695
test,-0.8876954317,0.3296077251,0.7890704870
test,-0.6702080965,0.1702284813,0.4354256690
test,-0.9187011719,0.1429489851,0.7927832007
test,0.4788863659,-0.7475447655,4.7427835464
test,0.4367516041,-0.1168270111,2.7019464970
test,0.8999520540,-0.2015267611,1.4187456369
test,0.0356285572,0.0295094252,1.1191478968
test,0.1497458220,0.9468277693,3.8565065861
test,-0.8111801147,-0.4272460938,0.6862770319
test,0.5070818663,-0.6633489132,4.2197856903
test,-0.4708685875,-0.8259677887,0.7308169603
test,0.0455600023,0.2464262247,1.2255241871
test,-0.5507088900,-0.3390276432,0.4179481864
test,-0.8874928951,-0.8278837204,1.4038991928
test,-0.8185553551,0.1326577663,0.5932999849
test,-0.6591454744,-0.5799883604,0.5820434093
test,0.1205308437,0.6090474129,2.0972216129
test,0.3757117987,0.6977196932,4.1022915840
test,0.6123112440,0.5008264780,3.2845299244
test,-0.1382091045,-0.5361952782,0.8753107190
test,0.5827785730,0.8103249073,5.0682816505
test,-0.3062328100,0.4539726973,0.5410306454
test,0.3447862864,-0.1059349775,2.4465367794
test,-0.0270848274,-0.4388204813,1.1135760546
test,-0.4787776470,-0.9499511719,0.9090356231
test,0.7203141451,0.1799609661,2.2305977345
test,0.1119271517,-0.7163971663,2.3576209545
test,0.7750084400,0.9654427767,4.8622808456
test,-0.6270515919,0.4462960958,0.4856759608
test,-0.2417324781,-0.0754338503,0.5051932335
test,-0.5061745644,-0.1995874643,0.3829017878
test,0.6181685925,-0.4500657320,3.1094260216
test,0.5324488878,0.9788899422,7.0500454903
test,0.3622537851,-0.9940880537,6.6594052315
test,-0.4311511517,0.2296273708,0.3969398141
test,0.9568226337,0.8658205271,2.4226818085
test,-0.4395072460,-0.9216966629,0.8759281039
test,-0.0265495777,-0.5143623352,1.1987235546
test,0.5103924274,-0.9216192961,6.3525047302
test,-0.0292102098,0.2156960964,0.9558894038
test,0.5786401033,-0.7931152582,4.9464421272
test,0.1934406757,-0.5426909924,2.3762035370
test,-0.8718867302,-0.2823411226,0.7319929004
test,0.2317044735,-0.6301141977,2.8931992054
test,0.4209601879,-0.3210041523,2.9223046303
test,-0.5638157129,-0.9090013504,0.8575403690
test,0.4856485128,0.1611154079,2.7869336605
test,-0.3742078543,-0.5818477869,0.5574527383
test,0.4962010384,0.3650902510,3.1056396961
test,-0.8780397177,-0.9945887327,1.8503285646
test,0.1730972528,-0.1254508495,1.7042589188
test,0.1277936697,0.4942210913,1.8870817423
test,0.1934561729,0.6924482584,2.8591232300
test,-0.5495049953,0.9405752420,0.9019026756
test,0.0627853870,0.5590202808,1.6627507210
test,0.9223290682,-0.6729606390,2.0026516914
test,0.5622451305,-0.6797624826,4.2334537506
test,0.6310144663,-0.4400326014,3.0347011089
test,-0.8736739159,0.8732434511,1.4564838409
test,0.6044790745,-0.7347390652,4.4213967323
test,-0.1581879854,-0.0929920673,0.6261847019
test,-0.7099207640,-0.0218857527,0.4539225996
test,0.7947410345,0.2433638573,1.9353660345
test,0.7451760769,0.7178096771,3.4314808846
test,0.8059768677,0.1855530739,1.8347744942
test,0.9998933077,-0.7853950262,1.8536942005
test,0.4377788305,0.2094932795,2.7866585255
test,0.7452924252,0.6805449724,3.2564187050
test,-0.6937193871,0.3106691837,0.4848377109
test,0.1607928276,-0.4473143816,1.9818387032
test,0.7531448603,-0.4575461149,2.4829187393
test,0.6956524849,0.8765465021,4.8807702065
test,-0.3395146132,-0.4943118095,0.5319387913
test,0.1668664217,-0.3016093969,1.8067175150
test,0.7986632586,0.4193303585,2.1533298492
test,0.2726622820,0.3809416294,2.4614052773
test,0.3760945797,-0.9963854551,6.8071532249
test,0.7229881287,0.8614728451,4.5115065575
test,0.5093940496,-0.3858093023,3.1531858444
test,-0.8307652473,0.9704021215,1.5445144176
test,-0.5027023554,0.2070990801,0.3840149045
test,-0.2987337112,0.1109132767,0.4518655837
test,-0.2450038195,-0.6181218624,0.7306309342
test,-0.3991549015,0.6356313229,0.5791431665
test,-0.6627744436,-0.4761831760,0.5244926214
test,-0.4453855753,-0.2679371834,0.4011071920
test,0.0341218710,-0.1706776619,1.1458225250
test,0.8998620510,-0.7505680323,2.3935589790
test,0.8303503990,-0.3337616920,1.8579809666
test,0.7777239084,0.9940785170,5.1095395088
test,-0.4050829411,-0.4882686138,0.4879885316
test,0.7244883776,0.5612642765,2.9342923164
test,0.7202097178,-0.1951197386,2.2437860966
test,0.0986073017,0.0432919264,1.3589700460
test,-0.7005884647,0.1128561497,0.4514943957
test,-0.5997955799,-0.3168771267,0.4270545244
test,0.2972472906,0.9676986933,5.6993064880
test,-0.7723041773,0.8707102537,1.1076843739
test,0.7017897367,-0.5710123777,3.1010925770
test,-0.7789480686,0.7461745739,0.9201760292
test,0.8339711428,-0.4451472759,2.0065557957
test,0.2495104074,0.8482928276,4.1604328156
test,0.2940511703,-0.7241803408,3.7521483898
test,0.0210340023,0.4016747475,1.2553002834
test,-0.7626336813,-0.4775044918,0.6373211145
test,-0.7259150743,0.9947693348,1.2598973513
test,-0.2629500628,0.0176103115,0.4795191586
test,-0.1993757486,0.8627767563,1.1713843346
test,-0.0818365812,-0.7508065701,1.3626567125
test,-0.2393280268,0.7755476236,0.9217026830
test,-0.3005765676,-0.1954625845,0.4621458650
test,-0.5148963928,0.9425778389,0.8954291940
test,0.9608222246,0.5477962494,1.5263066292
test,0.8919763565,0.1078013182,1.4112989902
test,-0.2832542658,-0.2074494362,0.4800071120
test,-0.8702435493,0.5839900970,0.9461055994
test,-0.1191666126,-0.8725644350,1.4853935242
test,-0.0167421103,-0.2094761133,0.9913452864
test,-0.8966830969,0.1067814827,0.7352768779
test,-0.5454219580,-0.5422930717,0.4986982048
test,0.3558210135,-0.3772888184,2.8334815502
test,-0.6863008738,0.0231965780,0.4347350597
test,0.8394356966,0.6661332846,2.5270180702
test,-0.0866558552,0.7863051891,1.4182003736
test,-0.9146350622,-0.6245745420,1.1332784891
test,0.7409580946,-0.1035320759,2.0909607410
test,0.6135262251,-0.9006254673,5.7442355156
test,-0.6657248735,-0.9656676054,1.0671728849
test,0.6708868742,-0.6042422056,3.4022228718
test,0.1583514214,-0.3220670223,1.7877107859
test,0.5466791391,-0.0977851152,2.7150993347
test,0.7596694231,0.7805016041,3.6491217613
test,-0.7789155245,0.3273230791,0.5868975520
test,0.5011026859,0.1789234877,2.8066947460
test,0.3372534513,0.0045237541,2.3920187950
test,0.1898374557,-0.6633185148,2.7227773666
test,0.5822317600,0.8145310879,5.1052870750
test,-0.9097143412,0.1115146875,0.7653536201
test,-0.9718601704,0.0856978893,0.9222447872
test,-0.5534689426,0.2873343229,0.4052042961
test,-0.3365154266,-0.2368668318,0.4426948428
test,-0.6243048906,-0.5269107819,0.5235733986
test,0.5350440741,0.8904657364,5.9707646370
test,-0.9091925621,-0.5307317972,1.0002502203
test,-0.5408310890,-0.2592023611,0.3966907561
test,0.3522385359,0.7193318605,4.1025781631
test,-0.6890319586,0.6588402987,0.6738716960
test,0.5602307320,0.8708215952,5.7000865936
test,-0.0817724466,0.0255655050,0.7761373520
test,-0.5768635273,0.9169210196,0.8778825998
test,-0.5858348608,-0.7474786043,0.6668849587
test,0.6538262367,-0.4239276648,2.9014184475
test,0.9830877781,-0.4985713959,1.3521280289
test,-0.1176626682,0.4274682999,0.8364753127
test,-0.6206521988,0.7862628698,0.7328524590
test,0.0167955160,0.3153470755,1.1643744707
test,-0.6268095970,-0.5170546770,0.5197831988
test,0.2900363207,0.8555334806,4.5821228027
test,-0.2825657129,-0.1299771070,0.4682597816
test,0.0413299799,-0.9086452723,2.5989658833
test,0.3020740747,-0.1024210453,2.2780501842
test,-0.1557329893,-0.5434963703,0.8398135900
test,-0.4192001820,-0.9200508595,0.8856250644
test,-0.7133877277,0.9692298174,1.1686149836
test,0.4590631723,-0.1506787539,2.7578341961
test,-0.0499278307,-0.4758969545,1.0727949142
test,-0.1506892443,-0.0376260281,0.6347633600
test,0.9162989855,0.5254771709,1.7092604637
test,-0.3620364666,0.2120569944,0.4220783114
test,-0.4862049818,-0.1706947088,0.3791117072
test,0.6484884024,0.7247972488,4.1308512688
test,-0.7370663881,-0.7381901741,0.8266931772
test,0.2069157362,-0.1708564758,1.8859169483
test,-0.1150164604,-0.5425975323,0.9426019788
test,0.2483631372,0.6444897652,3.0612652302
test,-0.7567149401,-0.8121439219,0.9680652022
test,0.5313850641,0.5077867508,3.5007963181
test,-0.3130004406,-0.6688456535,0.6804590821
test,-0.6899821758,-0.5208139420,0.5735760331
test,-0.7902275324,0.8138030767,1.0512011051
test,-0.6478136778,-0.1935470104,0.4245849252
test,0.7217643261,-0.1948266029,2.2365300655
test,-0.2070015669,0.2484486103,0.5805901885
test,-0.4329057932,0.6326349974,0.5612210631
test,-0.4278733730,-0.2896037102,0.4104228616
test,-0.8540670872,0.8708670139,1.3714110851
test,-0.2243654728,-0.1389842033,0.5333303213
test,0.3434312344,0.1795806885,2.4935264587
test,0.5041520596,-0.3440738916,3.0596537590
test,0.5801420212,0.2899332047,2.8648998737
test,-0.5195491314,0.9829815626,0.9686403275
test,0.2522473335,0.0579036474,2.0450747013
test,-0.9359505177,0.9467147589,2.0065295696
test,0.6993374825,0.6517292261,3.4383425713
test,0.0668548346,0.6398327351,1.8549835682
test,-0.5576295853,0.2516095638,0.3983803689
test,-0.4390436411,0.6685210466,0.5857867599
test,0.3067493439,-0.3303531408,2.5356006622
test,0.1863702536,-0.8612192869,3.6484937668
test,-0.8350001574,0.0930331945,0.6145880818
test,-0.8952281475,-0.6032724380,1.0415381193
test,0.4728540182,-0.6302834749,4.0294222832
test,0.9167021513,-0.1471620798,1.3236168623
test,-0.0345752239,0.7247021198,1.5170768499
test,-0.9591008425,-0.6223282814,1.2958376408
test,-0.6083946228,0.9125716686,0.8960221410
test,-0.8438245058,0.8650202751,1.3192586899
test,-0.4976763725,-0.3908897638,0.4286225438
test,0.9176566601,-0.8728877306,2.7669522762
test,0.8483589888,-0.2947893143,1.7254341841
test,-0.1163835526,-0.3440794945,0.7872993350
test,-0.1815690994,-0.8410369158,1.1821806431
test,0.1323767900,0.0240962505,1.4986581802
test,0.7617161274,0.0623594522,1.9827717543
test,0.0052995682,-0.5942763090,1.4474633932
test,-0.5303726196,-0.4878263474,0.4688480496
test,-0.2484382391,0.6247661114,0.7310333252
test,0.2176336050,0.7328983545,3.2181873322
test,-0.9630606174,-0.0205579996,0.8910403848
test,0.2045909166,-0.2150989771,1.9072445631
test,-0.1836582422,-0.6706440449,0.9087080956
test,-0.5958386660,-0.5102158785,0.4992268384
test,-0.9980177879,0.8933733702,2.2075622082
test,-0.5228693485,0.4728035927,0.4612214565
test,-0.4337414503,-0.4590067863,0.4640671015
test,0.3754528761,-0.2238811255,2.6499633789
test,0.0465536118,-0.5343928337,1.5392686129
test,0.0450737476,0.6259278059,1.7038940191
test,0.4582573175,0.7617986202,4.8150715828
test,-0.9647603035,-0.9020748138,2.0203208923
test,-0.6815013885,0.7614626884,0.7695373893
test,0.2577085495,0.1231212616,2.0942189693
test,0.3361270428,0.1124504805,2.4182047844
test,0.1285012960,0.9985316992,4.0144004822
test,0.8356661797,0.1878659725,1.6971209049
test,-0.0086358786,-0.2634925842,1.0432087183
test,-0.0112370253,0.7394955158,1.6678889990
test,-0.9015668631,-0.3222931623,0.8183552623
test,-0.7108355761,0.9962756634,1.2263250351
test,-0.9194220304,-0.7174103260,1.3024271727
test,0.3821572065,0.1555126905,2.6024000645
test,-0.4485839605,0.5371739864,0.4973671734
test,-0.8530534506,-0.5192230940,0.8387605548
test,0.5122355223,-0.2245056629,2.8566915989
test,-0.2209759951,0.8441407681,1.0755047798
test,-0.7633030415,0.7417505980,0.8809521794
test,-0.0836040974,-0.8217735291,1.5153874159
test,0.4112130404,-0.5957988501,3.7296938896
test,-0.3956512213,-0.7096184492,0.6419866681
test,0.0111224651,-0.0064877272,1.0355961323
test,-0.1240186691,0.5874068737,0.9658115506
test,-0.8503321409,0.7595758438,1.1318968534
test,0.1819998026,-0.2966936827,1.8760111332
test,-0.2277808189,0.4025417566,0.6101646423
test,0.4888908863,-0.1128093004,2.7514193058
test,-0.7813892365,-0.6403601170,0.7993199825
test,0.9669065475,-0.1666402817,1.1405925751
test,-0.1946736574,-0.8428081274,1.1458644867
test,-0.0976482630,0.9364186525,1.7769489288
test,0.3409366608,-0.5389677286,3.2162196636
test,0.1015455723,0.8187111616,2.6749193668
test,0.2103843689,-0.4649498463,2.2934083939
test,0.8399021626,0.9363615513,3.8915042877
test,0.4108132124,-0.9885095358,6.9459199905
test,-0.1342822313,0.4367377758,0.8035480380
test,-0.5386741161,0.1286162138,0.3767829537
test,-0.6116534472,0.5074355602,0.5057981610
test,0.0929156542,-0.3882222176,1.5503672361
test,0.7762893438,-0.3796726465,2.2045288086
test,0.8960105181,0.6118518114,2.0042598248
test,0.0946406126,0.4365500212,1.6218005419
test,-0.1880173683,-0.9510465860,1.4156215191
test,-0.0161392689,0.1276249886,0.9661915898
test,0.2039687634,0.3320666552,2.0301194191
test,-0.9404121637,-0.1088016033,0.8400688171
test,-0.2931600809,0.6566208601,0.6941620708
test,-0.6355687380,0.1509754658,0.4115301669
test,0.8656848669,0.5493177176,2.0366418362
test,-0.9211558104,-0.4127513170,0.9279220104
test,0.0262137651,-0.3663341999,1.2416743040
test,0.0192637444,0.1643553972,1.0914363861
test,0.0815564394,-0.1673659086,1.3250290155
test,-0.6041493416,0.7099335194,0.6421444416
test,-0.1717368364,-0.6341929436,0.8944648504
test,0.7495094538,0.6571598053,3.1269392967
test,-0.3385758400,-0.5523842573,0.5660831928
test,-0.1437714100,-0.7976378202,1.2211052179
test,0.3521757126,-0.6460518837,3.7116324902
test,0.6075253487,0.9702031612,6.5849051476
test,-0.4037081003,-0.8416513205,0.7817542553
test,0.8966387510,-0.2316267490,1.4516390562
test,0.8776937723,0.1044152975,1.4707224369
test,-0.5524351597,-0.5192250013,0.4882791340
test,0.9496364594,0.3252168894,1.3012539148
test,-0.7211859226,0.3334760666,0.5184422135
test,-0.8821811676,0.3957293034,0.8145307302
test,-0.6012382507,-0.7312289476,0.6602402329
test,0.3886530399,-0.8807499409,5.5575613976
test,-0.8654116392,-0.0452064276,0.6647849679
test,-0.4448518753,0.0483123064,0.3743009269
test,-0.0976259708,0.8163450956,1.4397997856
test,-0.5511993170,0.1392830610,0.3799589276
test,-0.2291393280,0.9159564972,1.1968523264
test,0.4364217520,-0.5143578053,3.4718332291
test,0.4342387915,0.7701921463,4.8159389496
test,-0.4739814997,-0.9307467937,0.8777692318
test,-0.6736547947,-0.6738699675,0.6698242426
test,0.2048037052,-0.1758085489,1.8791801929
test,-0.7003974915,0.2984374762,0.4871333241
test,-0.0965638161,-0.4097090960,0.8773310184
test,-0.2411242723,0.7956242561,0.9473377466
test,0.4409860373,0.2770082951,2.8852069378
test,-0.3868318796,-0.6816148758,0.6232148409
test,-0.9392366409,-0.7675313950,1.4908822775
test,0.0027890205,-0.2770025730,1.0892531872
test,0.3471540213,0.1044366360,2.4542443752
test,0.7049870491,-0.6651928425,3.4631917477
test,0.5248517990,-0.3060272932,2.9760782719
test,-0.4681677818,0.7995651960,0.7006832957
test,-0.0989333391,-0.0230473280,0.7369043827
test,0.0227017403,-0.3478330374,1.2119698524
test,-0.8417513371,-0.9259690046,1.4630067348
test,-0.4905244112,0.1421715021,0.3755573034
test,-0.3609542847,0.5348054171,0.5378999710
test,-0.1672188044,-0.0066016912,0.6056470275
test,-0.0902044773,0.9101257324,1.7310374975
test,0.0077989101,-0.3546550274,1.1621581316
test,0.1018866301,-0.7776706219,2.5078356266
test,-0.5096994638,-0.3898589611,0.4284652174
test,-0.2198034525,0.3508933783,0.5982049108
test,-0.3000528812,0.0720390081,0.4475688040
test,-0.4803593159,-0.7762728930,0.6733450890
test,-0.9234205484,0.7140681744,1.3120961189
test,-0.1262673140,0.9602383375,1.7086421251
test,0.1355956793,-0.8704439402,3.2248675823
test,-0.2385593653,0.1186988354,0.5131682754
test,-0.6975359917,0.8199969530,0.8683611155
test,0.9157965183,0.8383425474,2.6228897572
test,0.0743281841,0.2360821962,1.3325939178
test,0.5992810726,0.5915402174,3.6754364967
test,-0.2474325895,-0.5396211147,0.6635244489
test,0.3860208988,-0.3534659147,2.8907356262
test,0.0726072788,0.0798121691,1.2617498636
test,-0.3046679497,-0.5939091444,0.6282473207
test,-0.7304351330,-0.7421545982,0.8200312257
test,0.2387742996,-0.2296301126,2.0843665600
test,0.6007810831,-0.0195808411,2.5874655247
test,0.2516235113,0.5648105145,2.8002679348
test,-0.8893491030,-0.8475642204,1.4589312077
test,0.9919384718,0.0860619545,1.0332714319
test,0.4432910681,-0.9914993048,7.1509337425
test,-0.7534373999,0.7700116634,0.8989645243
test,-0.1260125637,0.0069622993,0.6800615788
test,0.0387451649,0.0985298157,1.1401151419
test,-0.1501320601,-0.7250427008,1.0739321709
test,0.3157827854,0.9028453827,5.2188901901
test,0.7959256172,0.1556264162,1.8632303476
test,-0.5036852360,0.6907552481,0.5928640366
test,0.1733908653,-0.8563820124,3.4958333969
test,0.5792146921,0.0973174572,2.6609001160
test,-0.4675618410,0.0774663687,0.3720187843
test,0.3676303625,0.4260452986,2.9930329323
test,-0.0639594793,0.9785090685,2.1337792873
test,0.5095671415,-0.8417454958,5.5183773041
test,-0.9911367893,-0.9568443298,2.4295597076
test,0.1389796734,-0.1810284853,1.5771951675
test,-0.3247503042,0.6040830612,0.6142743230
test,0.9425816536,-0.3164219856,1.3225097656
test,0.0312219858,-0.3726350069,1.2671704292
test,0.3156064749,-0.4178009033,2.7494738102
test,-0.1110721827,0.3317513466,0.7930680513
test,0.0373036861,-0.6668757200,1.7535601854
test,-0.4839166403,0.6118221283,0.5355840921
test,-0.9538416862,-0.9035838842,1.9580731392
test,0.1902770996,0.0065892935,1.7556629181
test,0.7780162096,0.3881351948,2.2097127438
test,0.8521083593,0.6193463802,2.2971491814
test,-0.6515074968,-0.5471305847,0.5546075702
test,-0.3981491327,0.5539089441,0.5260134339
test,0.7537673712,0.5833568573,2.8263711929
test,0.8779044151,0.8105088472,2.8043229580
test,-0.0393382311,-0.9368505478,2.1263749599
test,0.5839360952,0.8685033321,5.5830321312
test,0.4926184416,-0.8996069431,6.1044855118
test,0.7145365477,-0.2385652065,2.3123242855
test,0.5800449848,-0.9654129744,6.6897077560
test,-0.3672887087,0.3656829596,0.4581243992
test,0.8622556925,-0.6987138987,2.4782626629
test,-0.7069796324,0.1546479464,0.4620791972
test,0.0857224464,0.6667433977,2.0352289677
test,-0.5333690643,-0.5906858444,0.5243476629
test,0.6558226347,-0.1197426319,2.4519698620
test,0.4749006033,-0.1353198290,2.7599272728
test,-0.5927098989,-0.2026702166,0.3997929394
test,-0.8717784882,-0.1157969236,0.6848160028
test,0.9001926184,0.5311343670,1.8049718142
test,-0.9996156693,-0.3588428497,1.1360540390
test,-0.9304529428,0.1281280518,0.8184545636
test,0.0817461014,0.4310261011,1.5523700714
test,-0.4317131042,-0.5629501343,0.5167667270
test,0.8718284369,0.0319600105,1.4812567234
test,-0.2869379520,-0.6776803732,0.7225477099
test,0.9988100529,-0.7516862154,1.7660942078
test,-0.0319745541,-0.8761473894,1.9490695000
test,-0.9694275856,-0.2639971972,0.9741365910
test,-0.0000265837,0.3434675932,1.1251163483
test,0.5067147017,0.8812733889,5.9086675644
test,-0.3898971081,0.0865969658,0.3932647407
test,-0.1964921951,-0.3614568710,0.6387876272
test,-0.0759723186,0.0769470930,0.7941414714
test,0.9413878918,-0.6967549324,1.9514330626
test,0.5014652014,-0.3752009869,3.1291618347
test,0.3720103502,0.4852869511,3.1763985157
test,0.7198834419,-0.5281416178,2.8567368984
test,-0.0644946098,-0.0259637833,0.8182739019
test,0.5756330490,0.9555375576,6.5860629082
test,0.6164636612,-0.8504600525,5.2440338135
test,0.0502922535,0.1849180460,1.2111083269
test,-0.1584819555,-0.3638216257,0.7080767155
test,-0.8023431301,0.9044538736,1.2664564848
test,-0.7788929939,-0.1495741606,0.5391683578
test,-0.7161629200,-0.3750649691,0.5286296606
test,0.6233028173,0.8125325441,4.8847389221
test,0.3492480516,-0.1167585850,2.4683852196
test,-0.4011089802,-0.4228576422,0.4614789486
test,-0.5554075241,-0.0112190247,0.3735279441
test,0.7033708096,-0.3639494181,2.5477392673
test,0.0648717880,-0.8060054779,2.3444192410
test,0.9956010580,-0.6399209499,1.5270197392
test,-0.0678912401,0.5186889172,1.0590423346
test,-0.7917014360,0.3261072636,0.6051198840
test,-0.6664756536,0.8418827057,0.8542265892
test,-0.9283485413,-0.9068366289,1.8205690384
test,0.6878740788,-0.7773936987,4.2003045082
test,-0.2980335951,-0.5464733839,0.6024580002
test,0.7685915232,0.8283483982,3.8604567051
test,-0.3892256021,0.6404266357,0.5886593461
test,-0.5913865566,0.7796111107,0.7037896514
test,0.2103211880,-0.4229612350,2.2091333866
test,0.0611002445,0.3858035803,1.4044135809
test,0.9597530365,-0.8712867498,2.4235744476
test,0.7068924904,-0.6805931330,3.5229823589
test,0.3290011883,0.5454109907,3.1791491508
test,-0.8194216490,-0.7721228600,1.0605777502
test,-0.2891750336,-0.5832189322,0.6386366487
test,-0.6913481951,-0.5113271475,0.5693629980
test,-0.2545741796,-0.6453498602,0.7402863503
test,0.5545846224,0.0440534353,2.6839070320
test,0.0227229595,-0.5119140148,1.3956798315
test,0.3526700735,0.8485658169,5.0271201134
test,-0.5801863670,-0.2282534838,0.3999812007
test,-0.1465121508,0.9975353479,1.7347728014
test,0.9646500349,0.6370909214,1.6765056849
test,0.4595779181,-0.6643729210,4.1926751137
test,-0.7220443487,-0.2293679714,0.4897824824
test,0.5366810560,-0.2450973988,2.8674993515
test,0.2823568583,-0.5023860931,2.7943611145
test,0.4767546654,0.5643163919,3.7276859283
test,-0.9555060863,-0.4289008379,1.0456398726
test,0.2828620672,-0.5410968065,2.9124631882
test,0.9718018770,0.9775507450,2.8407740593
test,-0.8657363653,0.1644865274,0.6822569966
test,-0.2376526594,-0.2891006470,0.5512462258
test,0.6776014566,-0.1753454208,2.4087009430
test,-0.2046866417,-0.3872998953,0.6378631592
test,-0.0398610830,-0.2971874475,0.9640811086
test,0.2581000328,-0.0830456018,2.0787489414
test,0.6725109816,0.5065522194,3.0443725586
test,-0.1650263071,0.8957188129,1.3590443134
test,0.1788619757,-0.8703757524,3.6340897083
test,0.0329649448,-0.2677094936,1.1913007498
test,-0.7160905600,-0.9657207727,1.1668794155
test,0.9871556759,0.4377464056,1.2610723972
test,0.1708583832,0.2993012667,1.8238360882
test,-0.2025600672,-0.3398138285,0.6195267439
test,0.7292401791,-0.6898669004,3.4130418301
test,-0.6043542624,-0.5203707218,0.5086705089
test,0.8447607756,0.3506042957,1.8067272902
test,-0.8917235136,-0.7656295300,1.2873040438
test,0.7124229670,-0.4453760386,2.6746714115
test,-0.0324757099,-0.6561928988,1.3892173767
test,0.1795032024,-0.8396760225,3.4541077614
test,0.2265576124,0.9048917294,4.3579001427
test,-0.2219202518,-0.6624915600,0.8161430955
test,0.0761513710,-0.4435789585,1.5429918766
test,0.6591708660,0.3910185099,2.8023378849
test,0.6953202486,0.0596648455,2.2730684280
test,-0.0484225750,0.3128925562,0.9477768540
test,-0.7077361345,-0.9817315340,1.1844786406
test,-0.5845398903,0.4472036362,0.4653587341
test,0.7312626839,-0.0068213940,2.1117742062
test,-0.9681839943,-0.1956243515,0.9403363466
test,0.4126818180,-0.5427337885,3.5154590607
test,-0.6359910965,-0.4087518454,0.4756659567
test,0.2737700939,0.6766623259,3.3728661537
test,0.8214812279,0.7060657740,2.8022446632
test,-0.6562434435,0.4835461378,0.5230312347
test,-0.8934503794,-0.1558642387,0.7376943231
test,-0.7560101748,0.2730084658,0.5384306312
test,0.1250259876,-0.4907517433,1.8656250238
test,-0.4718022346,-0.2011773586,0.3845788240
test,0.8395687342,0.0036736727,1.6208553314
test,0.5231198072,0.9514150620,6.7029924393
test,-0.8746435642,-0.5758385658,0.9492077231
test,0.0277355909,0.1472545862,1.1148363352
test,0.3824740648,-0.3218089342,2.8184039593
test,-0.6112300158,0.5873883963,0.5518165231
test,0.9530800581,-0.6470279694,1.7603543997
test,-0.4218692780,0.8768483400,0.8177784085
test,-0.0178875923,-0.4469152689,1.1543844938
test,-0.8229210377,0.5884561539,0.8337885737
test,0.9978622198,0.5306624174,1.3341821432
test,-0.4626576900,0.0545319319,0.3715198934
test,0.4504511356,-0.8218498230,5.2769393921
test,-0.1653636694,-0.7793713808,1.1173602343
test,-0.1846450567,-0.8706215620,1.2335441113
test,-0.4220485687,0.9948251247,1.0197050571
test,0.2261215448,-0.4081324339,2.2675395012
test,-0.6313315630,0.0382788181,0.4006688595
test,0.1414049864,-0.9886009693,4.0840973854
test,-0.6307020187,-0.0359684229,0.4002832770
test,-0.9323650599,-0.8541347980,1.6797753572
test,-0.5976063013,0.1840740442,0.3987302482
test,-0.4234923124,0.7001750469,0.6181598306
test,-0.9624311924,-0.0178951025,0.8892012835
test,-0.9552357197,-0.1025696993,0.8784050345
test,-0.2252216339,0.6473184824,0.7937743068
test,-0.6908891201,-0.1802276373,0.4524738789
test,0.8740758896,0.1282204390,1.4945189953
test,0.1525905132,-0.3628090620,1.8091499805
test,-0.3313739300,0.6072921753,0.6101030111
test,-0.2710403204,0.6750223637,0.7433314323
test,-0.4865680933,-0.8590396643,0.7701571584
test,0.3057812452,-0.5904791355,3.2162756920
test,0.2616226673,-0.2095223665,2.1735210419
test,-0.8169057369,0.9080357552,1.3238178492
test,0.8947144747,0.0678579807,1.3900929689
test,-0.8610981703,-0.5152791739,0.8545823097
test,0.7482322454,-0.6710778475,3.1943008900
test,0.4408375025,0.5869040489,3.7705969810
test,-0.1122159958,0.4650472403,0.8789643645
test,-0.0297323465,-0.9763312340,2.3630461693
test,0.3668133020,0.4662379026,3.0990958214
test,0.8130214214,0.3328293562,1.9444568157
test,0.6999497414,-0.2435348034,2.3831400871
test,-0.0033508539,-0.8678569794,2.1014947891
test,-0.3765001297,0.1460162401,0.4048041105
test,0.1693217754,0.7949224710,3.1239802837
test,0.5662946701,0.3241518736,2.9548988342
test,-0.4217476845,-0.1017078161,0.3830500841
test,-0.2937424183,-0.8793778419,0.9762848616
test,0.7508862019,-0.8951727152,4.5107774734
test,0.6174187660,0.3524084091,2.8775024414
test,-0.0185787678,-0.5849943161,1.3282796144
test,0.2665802240,0.1871980429,2.1771271229
test,0.0988552570,0.3020156622,1.4870706797
test,0.6205500364,0.6803141832,4.0227522850
test,0.6176306009,0.9182730913,5.9045090675
test,-0.1133513451,0.1175484657,0.7154758573
test,0.7167139053,-0.9204955101,5.0751929283
test,-0.2460985184,0.2941820621,0.5423499346
test,-0.6382260323,0.8720802069,0.8635858893
test,-0.1397527456,0.0857987404,0.6585499048
test,-0.9017457962,0.5305930376,0.9779788256
test,0.1362370253,-0.9399569035,3.6640613079
test,-0.9570122957,0.9802743196,2.2848448753
test,-0.9974182844,-0.6342496872,1.4831409454
test,0.6333440542,0.8224732876,4.9037194252
test,-0.1646584272,0.3267799616,0.6785879731
test,0.5952432156,0.0142378807,2.6006741524
test,0.7686651945,-0.8247939348,3.8371756077
test,-0.8824574947,-0.4618092775,0.8627180457
test,0.2121362686,0.0453007221,1.8593895435
test,-0.7927335501,-0.6604378223,0.8437315822
test,-0.1928638220,0.7875987291,1.0521229506
test,-0.2811529636,-0.0360925198,0.4623124301
test,0.9641497135,-0.2237147093,1.1763745546
test,-0.7977454662,0.7398207188,0.9548835158
test,0.6441437006,-0.4802354574,3.0951423645
test,0.6886467934,0.8733143806,4.9142570496
test,-0.7646185160,-0.6076390743,0.7373642921
test,0.9230514765,0.1930669546,1.3187285662
test,0.8962603807,0.1071108580,1.3932533264
test,0.6465486288,-0.4854542017,3.1004345417
test,-0.4736077785,-0.7935336828,0.6929004788
test,0.8993346691,-0.4301555157,1.6422016621
test,-0.5287023783,0.2820764780,0.3999682069
test,-0.6702769995,-0.4890509844,0.5373380780
test,-0.6769714355,-0.7259161472,0.7243841290
test,0.5080962181,0.3724671602,3.1217954159
test,-0.4961286783,-0.1494752169,0.3762192726
test,-0.9023542404,-0.8474444151,1.5161703825
test,-0.1808334589,-0.1460123062,0.5964760780
test,0.6231735945,-0.9174029827,5.8572974205
test,0.9760229588,-0.9699246883,2.7621483803
test,-0.4464316368,-0.5224367380,0.4902045727
test,0.2671134472,0.5403140783,2.8179867268
test,-0.7160021067,-0.9026648998,1.0370143652
test,0.1227406263,-0.9061735868,3.3110544682
test,-0.5435982943,-0.9906355143,0.9907671213
test,0.5106230974,-0.8144218922,5.2736682892
test,0.4509021044,-0.0830905437,2.7048103809
test,0.3197247982,0.9780157804,6.0519423485
test,0.1169271469,-0.7177302837,2.3971214294
test,-0.1605958939,-0.9355500937,1.4797314405
test,0.1902070045,0.1763806343,1.8107322454
test,-0.9956274033,-0.1622687578,1.0126743317
test,0.1103496552,0.3829218149,1.6264510155
test,0.8249533176,0.3317004442,1.8825902939
test,0.4116036892,-0.9041150808,5.9245882034
test,0.3171149492,-0.5693422556,3.2013971806
test,0.4652503729,-0.2262223959,2.8440344334
test,0.6303268671,0.3830311298,2.8981108665
test,-0.4681030512,0.0734050274,0.3717271686
test,-0.7486011982,-0.6880450249,0.7891481519
test,-0.4565209150,-0.2256833315,0.3907244802
test,0.8557192087,0.7413423061,2.6845073700
test,-0.2690378428,0.7709594965,0.8575033545
test,0.9076418877,0.3786094189,1.5364007950
test,-0.7249187231,0.1749781370,0.4819309413
test,-0.5556055307,-0.2597699165,0.3995964527
test,-0.3364000320,0.7499920130,0.7346843481
test,0.5788878202,-0.0951297283,2.6604514122
test,-0.6848740578,0.0804548264,0.4362449050
test,0.3805788755,-0.2078056335,2.6475312710
test,-0.2551846504,0.1537508965,0.4991290569
test,-0.7013856173,-0.6034928560,0.6425908208
test,0.7115274668,-0.6711730957,3.4475989342
test,0.1055341959,0.9263372421,3.2661287785
test,-0.4066731930,0.2869209051,0.4168612361
test,0.6740136147,-0.1315857172,2.3906612396
test,0.7125797272,0.3853201866,2.5437350273
test,-0.0428391695,0.2026536465,0.9110943675
test,0.7462171316,-0.3842349052,2.3704895973
test,0.3218400478,0.0863480568,2.3510622978
test,0.6376290321,0.2818652391,2.6843037605
test,-0.2750138044,0.2782586813,0.5050962567
test,0.5159350634,0.2866011858,2.9472939968
test,0.5425034761,-0.3760684729,3.1034853458
test,-0.3656730652,-0.8776983023,0.8676932454
test,-0.4486556053,0.3730988503,0.4283494055
test,0.2365175486,-0.8918621540,4.3577203751
test,0.6662614346,-0.8403662443,4.8204951286
test,-0.0205180645,0.0418831110,0.9392622113
test,-0.4193940163,-0.3975279331,0.4448226690
test,-0.2077608109,0.7109750509,0.9031668901
test,-0.4163248539,0.2689366341,0.4092944264
test,-0.4456140995,-0.3147450686,0.4121471941
test,-0.9605115652,-0.1837426424,0.9139520526
test,-0.0677751303,-0.2019088268,0.8432013392
test,-0.5576319695,0.8473452330,0.7666996121
test,-0.2965101004,-0.5591856241,0.6127271652
test,0.1588243246,0.1126685143,1.6342891455
test,0.2491357327,-0.5273483992,2.6732118130
test,0.8084907532,-0.1828848124,1.8211084604
test,-0.8857858181,0.4622043371,0.8715068698
test,-0.4451746941,-0.1118203402,0.3780609965
test,0.4582751989,0.9439691305,6.5699009895
test,0.5682257414,0.7340233326,4.5535526276
test,0.9152644873,-0.4147078991,1.5450464487
test,0.9814279079,0.5433336496,1.4240776300
test,0.7298456430,-0.4775906801,2.6605279446
test,0.7653799057,-0.8773862123,4.2288742065
test,0.7707195282,0.6117424965,2.8118524551
test,0.9010511637,-0.2816190720,1.4698846340
test,0.2433440685,0.5315054655,2.6502807140
test,0.6031603813,-0.6627354622,4.0034632683
test,0.5189718008,0.9746358395,7.0156216621
test,0.4417947531,-0.1991534233,2.7814996243
test,-0.0615530014,0.6235771179,1.2173506021
test,-0.7709118128,0.9007455111,1.1643722057
test,0.6320893764,-0.4761927128,3.1326754093
test,-0.0377689600,0.1648824215,0.9128440619
test,-0.5941511393,0.2266683578,0.4044629335
test,0.8313698769,-0.3240261078,1.8410303593
test,0.2749006748,0.2976938486,2.3368992805
test,-0.7741726637,0.8995624781,1.1709206104
test,0.5586800575,-0.4739425182,3.3457047939
test,0.3368616104,0.3738998175,2.7492148876
test,-0.4408718348,-0.0449732542,0.3750206232
test,0.5685576200,-0.3325307369,2.9667644501
test,0.0654551983,0.8051097393,2.3452432156
test,0.0435750484,0.4882426262,1.4547713995
test,-0.9789469242,0.5660325289,1.2895598412
test,-0.9060815573,-0.7963224649,1.4096459150
test,-0.8346811533,-0.4889496565,0.7731696367
test,0.6438726187,0.0909062624,2.4789719582
test,-0.6729269028,-0.5666521788,0.5857101679
test,-0.7198946476,-0.1806546450,0.4780269861
test,0.4641380310,-0.0172600746,2.7019076347
test,-0.9730124474,0.0729568005,0.9237078428
test,0.6500900984,0.9993681908,6.6168193817
test,0.3214211464,0.4554644823,2.8695631027
test,0.5759130716,0.9665555954,6.7256326675
test,0.7148118019,0.2853437662,2.3684148788
test,-0.2667531967,-0.2954727411,0.5189111233
test,-0.0675648451,-0.0903936625,0.8166865706
test,0.6471326351,0.9478495121,6.0103235245
test,0.7144854069,0.4737218618,2.7342371941
test,0.8312799931,-0.6566765308,2.5518028736
test,0.1487258673,0.6283566952,2.3285658360
test,-0.2125413418,-0.5389854908,0.7198657393
test,-0.2351821661,-0.3238941431,0.5663583279
test,0.4538069963,0.2071133852,2.8077530861
test,0.2981609106,-0.7622230053,4.0011882782
test,-0.0735921860,-0.2852529287,0.8626266718
test,-0.2015967369,0.8257441521,1.0941932201
test,-0.9737864733,0.5846663713,1.2963799238
test,-0.2957333326,0.5798412561,0.6282293797
test,-0.7093147039,0.1899182796,0.4698208869
test,0.9036514759,-0.9342335463,3.2248263359
test,-0.5130316019,0.9691168070,0.9417883754
test,0.0711991787,0.6407566071,1.8820984364
test,-0.2787373066,-0.0356451273,0.4645397961
test,0.5226701498,-0.6088701487,3.9282255173
test,-0.9271358252,-0.7798093557,1.4640215635
test,0.8021456003,-0.6498215199,2.7307784557
test,-0.7775318623,-0.8626422882,1.1060250998
test,0.7321337461,-0.5743409395,2.9315426350
test,0.2781345844,0.1330795288,2.1912555695
test,-0.7865973711,-0.8665512800,1.1383646727
test,0.8745404482,-0.4781279564,1.8452656269
test,0.8808392286,0.0131877661,1.4417328835
test,0.3237994909,-0.1217087507,2.3761379719
test,-0.8004744053,0.5379700661,0.7429198623
test,-0.2789576054,0.5169994831,0.6058437228
test,0.3275930882,0.4274193048,2.8279597759
test,0.2235577106,0.0891094208,1.9230959415
test,0.3579734564,0.6366708279,3.6967263222
test,0.5751549006,0.9072309732,6.0214266777
test,-0.4728170633,0.3638460636,0.4214846492
test,0.3450434208,0.3103851080,2.6649050713
test,0.6682295799,0.2688679695,2.5493793488
test,0.9445682764,0.8841747046,2.5987479687
test,-0.7497731447,0.4945250750,0.6293577552
test,0.5311422348,-0.6485959291,4.1201701164
test,-0.9697235823,0.4487688541,1.1122897863
test,0.0181809664,0.5517998934,1.4355804920
test,0.6119225025,-0.4896098375,3.2496118546
test,-0.5205602646,0.6365659237,0.5528334975
test,0.8492168188,-0.1715238094,1.6251525879
test,0.2592754364,0.4097746611,2.4481284618
test,-0.8046045303,-0.4828661680,0.7097365260
test,0.0400871038,-0.6167453527,1.6586093903
test,-0.5215516090,0.7863205671,0.6842658520
test,-0.9131076336,-0.8817244768,1.6616903543
test,0.8741011620,-0.8469805717,3.0121879578
test,0.5415893793,0.5500509739,3.6474657059
test,-0.1892404556,0.6572908163,0.8797855973
test,-0.0952442884,-0.5678184032,1.0280295610
test,0.8298804760,-0.2638018131,1.7841745615
test,0.4042509794,-0.4492259026,3.1800675392
test,0.9046772718,-0.5874017477,1.8965755701
test,-0.8336384296,0.3957720995,0.7099689841
test,0.5569870472,-0.3039016724,2.9340188503
test,0.6233611107,0.0395243168,2.5279273987
test,-0.7480323315,0.5088993311,0.6360451579
test,-0.9170973301,-0.8546341658,1.6046212912
test,0.9847671986,-0.5120387077,1.3634532690
test,-0.5270600319,-0.4755798578,0.4629147053
test,-0.6984926462,-0.9846967459,1.1709744930
test,-0.0006668568,-0.9617218971,2.5163614750
test,-0.6112791300,-0.3480846882,0.4411594272
test,-0.1112667322,-0.8318676949,1.4183926582
test,0.9724385738,0.6809787750,1.7336180210
test,0.8919219971,-0.4837086201,1.7630136013
test,-0.0046141148,0.9345378876,2.3604822159
test,-0.6354944706,-0.0354458094,0.4027229249
test,0.4249122143,0.0146005154,2.6445970535
test,0.4881891012,0.9760308266,7.0423922539
test,0.1366437674,0.3250800371,1.6852138042
test,-0.6914004087,-0.1935741901,0.4551497996
test,-0.6290432215,-0.9427454472,0.9702754617
test,-0.3024686575,-0.3732496500,0.5095456243
test,0.7359604836,-0.7047296762,3.4357693195
test,-0.7057584524,0.0258299112,0.4504155815
test,-0.9044566154,-0.7894452810,1.3875676394
test,0.8703328371,-0.9467513561,3.6419749260
test,0.6053957939,-0.4491748810,3.1501176357
test,0.0452185869,0.1720594168,1.1867108345
test,0.2299592495,0.7551859617,3.4264392853
test,-0.9580928087,-0.4683964252,1.0921192169
test,-0.1464343071,0.0993709564,0.6478431821
test,-0.9759781361,0.4668724537,1.1532392502
test,-0.6979366541,-0.0864785910,0.4469397068
test,-0.0535492897,0.4462999105,1.0322552919
test,0.2744026184,-0.5681161880,2.9504032135
test,0.9138652086,0.0539932251,1.3102594614
test,-0.5046914816,-0.9461919069,0.9006736875
test,-0.4280078411,-0.8464740515,0.7725843787
test,-0.3484357595,0.7871181965,0.7639830112
test,0.5870484114,-0.0646153688,2.6300804615
test,0.1637036800,0.0068717003,1.6355257034
test,-0.9462367296,-0.5609117746,1.1577999592
test,0.3970050812,-0.0354965925,2.5840733051
test,-0.7825454473,0.7085547447,0.8788051009
test,-0.0073748827,0.2503851652,1.0403174162
test,-0.0121178627,0.9132153988,2.2164397240
test,-0.8990104198,0.9099917412,1.6755019426
test,-0.1563698053,-0.4524270296,0.7656436563
test,-0.3719635010,-0.3327829838,0.4451061487
test,0.2596116066,-0.9444453716,5.0536456108
test,0.6367356777,-0.7073134184,4.0936546326
test,-0.7846022844,0.3957600594,0.6252577901
test,0.6578207016,0.5159739256,3.1449985504
test,0.7452877760,-0.8417866230,4.1624398232
test,-0.3318192959,0.5938768387,0.5999267697
test,-0.6210937500,0.9138358831,0.9108199477
test,0.4437830448,0.7289292812,4.5529832840
test,-0.9559919834,-0.3285648823,0.9705810547
test,-0.8604869843,-0.5297957659,0.8661382198
test,-0.1583654881,-0.1141256094,0.6286234260
test,0.6994304657,-0.6076083183,3.2519514561
test,-0.8445508480,0.9178423882,1.4524593353
test,0.9885071516,-0.4448645115,1.2636475563
test,-0.9712370634,-0.0236779451,0.9142258167
test,-0.2180780172,0.7655848265,0.9544310570
test,0.0003436804,-0.2767175436,1.0807467699
test,-0.0222321749,0.4757977724,1.1695228815
test,-0.8552445173,-0.7130665779,1.0716664791
test,0.1422362328,0.4404737949,1.8703818321
test,0.7953779697,-0.8266891241,3.6070318222
test,0.0657002926,0.9777452946,3.1928915977
test,-0.7742275000,0.7128179073,0.8665962219
test,-0.2101839781,-0.6791210175,0.8588523269
test,0.2273275852,0.4130676985,2.2832865715
test,0.2077022791,-0.1407481432,1.8719813824
test,-0.7084963322,-0.9827601910,1.1885999441
test,0.0498877764,0.5354425907,1.5570374727
test,0.7416132689,0.5091422796,2.6770505905
test,0.0913661718,0.0229038000,1.3279477358
test,-0.3294475079,0.7172776461,0.7079583406
test,-0.3364009857,0.9141104221,0.9654065967
test,-0.8376228809,0.6820470095,0.9771684408
test,0.8943574429,-0.0102198124,1.3853195906
test,0.0515602827,0.3650459051,1.3424985409
test,-0.5163064003,0.5359464884,0.4909320772
test,0.8065422773,0.1252113581,1.7980672121
test,-0.3013833761,0.7480647564,0.7772735357
test,-0.2966237068,0.6076020002,0.6481994987
test,-0.8678245544,-0.9340693951,1.5985145569
test,-0.4001213312,0.1865886450,0.3999727070
test,0.8275305033,-0.5823508501,2.3509893417
test,-0.4361599684,0.7612426281,0.6700084209
test,0.0317721367,0.5952481031,1.5745503902
test,-0.4491878748,-0.8953037262,0.8305083513
test,0.4878839254,-0.5768935680,3.7889232635
test,0.9952409267,0.8218225241,1.9943987131
test,-0.0857539177,0.8690551519,1.6308478117
test,-0.8389735222,0.2167239189,0.6455789804
test,-0.8044810295,0.2803213596,0.6078919172
test,-0.7050882578,0.8380004168,0.9073078632
test,0.9978755713,-0.4687107801,1.2540316582
test,0.9689068794,0.8381189108,2.2254738808
test,0.1018323898,0.3471871614,1.5450026989
test,0.8078786135,0.0554312468,1.7694265842
test,-0.3015136719,0.6720429659,0.6975638866
test,-0.0038905144,-0.6928695440,1.5965516567
test,0.1414393187,-0.2852348089,1.6673327684
test,0.1019897461,0.6731007099,2.1554951668
test,-0.8503100872,-0.3495278358,0.7182393074
test,-0.3662006855,0.6365908384,0.6018776298
test,0.0884697437,-0.1185948849,1.3343390226
test,0.5730018616,-0.6584080458,4.0849819183
test,0.7626121044,-0.9349999428,4.7245249748
test,0.5152922869,0.1113402843,2.7490155697
test,-0.1617383957,-0.1784187555,0.6346389651
test,-0.9195847511,-0.1629726887,0.7998004556
test,-0.7569926977,-0.2748930454,0.5401884317
test,-0.6062380075,0.2646702528,0.4169587493
test,0.2642385960,0.1303825378,2.1276514530
test,0.2216147184,0.8252218962,3.7520999908
test,0.6797893047,0.3424754143,2.6168513298
test,0.9211286306,0.7274580002,2.1693966389
test,0.9990676641,-0.7394168377,1.7326743603
test,0.5866659880,-0.5951400995,3.7335329056
test,0.9779206514,0.0771876574,1.0781714916
test,-0.3708472252,-0.6487452984,0.6077826023
test,0.3336775303,0.3255467415,2.6446700096
test,0.4769147635,0.9590817690,6.8019485474
test,-0.0729591846,0.3746976852,0.9168531299
test,0.0962481499,0.1219784021,1.3670629263
test,-0.5668791533,-0.5503948927,0.5091187358
test,0.3070054054,0.2087816000,2.3758275509
test,-0.5886608362,-0.7041045427,0.6276982427
test,-0.5256992579,-0.1826866865,0.3816054165
test,-0.0838787556,-0.1346292496,0.7847824693
test,-0.1110101938,0.9066863060,1.6166528463
test,-0.3107825518,0.5985909700,0.6249092817
test,0.2553229332,-0.9607869387,5.1651983261
test,0.9306049347,-0.5812811852,1.7405061722
test,-0.1199531555,0.5461843014,0.9327011108
test,-0.2551207542,0.9771800041,1.2667955160
test,-0.7033947706,-0.5737874508,0.6228371263
test,-0.4912366867,-0.9053490162,0.8353001475
test,-0.6697269678,-0.8671188354,0.8964765072
test,0.4798423052,-0.2424228191,2.8770468235
test,0.8957501650,-0.5058907270,1.7817789316
test,-0.3840028048,0.9595699310,0.9865338802
test,-0.0064067841,0.1261616945,0.9957994819
test,0.8702384233,0.2041096687,1.5497925282
test,-0.5515850782,0.6089836359,0.5400810242
test,0.6781505346,-0.3654537201,2.6670775414
test,0.8052959442,-0.6792378426,2.8168191910
test,-0.3012100458,0.3558317423,0.5042771101
test,-0.9075831175,0.7369136810,1.2927446365
test,-0.3313244581,0.2156723738,0.4420474470
test,0.9909694195,0.1562652588,1.0542032719
test,0.3872143030,0.3203991652,2.8307337761
test,0.4070334435,0.9222645760,6.0996041298
test,0.0158394575,-0.9364877939,2.5262854099
test,-0.9406075478,-0.2825257778,0.8997078538
test,-0.7550348043,-0.0883678198,0.5025674701
test,-0.2460795641,0.7959634066,0.9372674227
test,0.6685842276,0.8592313528,4.9593572617
test,0.3951324224,0.2927817106,2.8065085411
test,0.3501322269,-0.2184404135,2.5571956635
test,-0.0960088968,-0.8128718138,1.4386315346
test,0.0227062702,-0.0189100504,1.0742588043
test,-0.5478394032,-0.1104434729,0.3766158223
test,-0.4832267761,0.5722043514,0.5110979080
test,0.7756510973,-0.3087108135,2.1026396751
test,0.6574304104,-0.5414354801,3.2327053547
test,-0.7109971046,0.3651320934,0.5194889307
test,0.0334637165,0.7155069113,1.8531482220
test,-0.0468008518,0.7448774576,1.5043220520
test,0.9582525492,0.0095978975,1.1398195028
test,0.4092392921,0.3200875521,2.8923816681
test,0.2709249258,0.3188341856,2.3482837677
test,-0.2973031998,0.0813256502,0.4505012929
test,0.6997864246,-0.6375584602,3.3733015060
test,-0.9582825899,-0.6347901821,1.3129471540
test,-0.1770468950,-0.4091364145,0.6972731352
test,0.4189804792,-0.5142756701,3.4289743900
test,-0.0642384291,0.7391052246,1.4131660461
test,0.5989619493,0.4337122440,3.1272857189
test,-0.6923551559,0.6241507530,0.6483433247
test,-0.7303948402,0.1434730291,0.4825331569
test,0.5813052654,-0.7651231289,4.7254776955
test,-0.5656336546,0.9549336433,0.9352710247
test,0.1279211044,0.1399706602,1.5079292059
test,0.5311614275,0.4505785704,3.3142554760
test,-0.3842180967,0.8557512760,0.8168802857
test,0.2414675951,-0.8680286407,4.2265014648
test,0.9992096424,-0.3485778570,1.1320037842
test,0.3904430866,0.9439355135,6.2486519814
test,-0.5900720358,-0.0550333261,0.3839658201
test,-0.8273887634,-0.4450268745,0.7275763750
test,-0.9043930769,-0.5162214041,0.9710496664
test,0.9051361084,-0.0795744658,1.3498096466
test,0.6930161715,-0.2439935207,2.4139158726
test,0.3307296038,0.5744804144,3.2934458256
test,0.4365411997,0.3149580956,2.9428892136
test,-0.6027420759,0.6746574640,0.6106712818
test,-0.1137892008,0.2132868767,0.7375490069
test,0.4163733721,-0.7756179571,4.7935452461
test,0.1998444796,-0.9454531670,4.3985352516
test,0.7742558718,-0.1260007620,1.9485782385
test,0.5394492149,-0.1012854576,2.7253282070
test,0.8147158623,-0.7662454844,3.1170928478
test,0.9755938053,-0.5971249342,1.5421186686
test,-0.3400572538,-0.8823893070,0.9068461657
test,0.3666502237,-0.1436686516,2.5450878143
test,-0.9552989006,-0.7258079052,1.4722999334
test,-0.8261058331,0.8530492783,1.2314099073
test,-0.9729833603,-0.3250075579,1.0210754871
test,0.9377642870,-0.0758481026,1.2214378119
test,-0.5768445730,0.5464180708,0.5104676485
test,0.3066737652,-0.3820819855,2.6304330826
test,0.0019098520,0.3894064426,1.1707415581
test,-0.9756509066,-0.0281014442,0.9271586537
test,0.4008799791,-0.3684650660,2.9673628807
test,0.7177394629,-0.5165004730,2.8342950344
test,0.0062905550,0.3909122944,1.1883591413
test,-0.6981554031,-0.4240690470,0.5312221646
test,-0.4817594290,0.4433339834,0.4485148191
test,-0.3143047094,-0.5516824722,0.5884563327
test,-0.5940542221,0.7253565788,0.6501707435
test,0.5749279261,-0.7767996788,4.8348035812
test,0.2847685814,0.8138017654,4.2301988602
test,0.1155214310,0.6536253691,2.1863486767
test,-0.7156555653,0.3519351482,0.5192952752
test,-0.3436431885,0.7305830717,0.7060908079
test,0.9321002960,-0.8301644325,2.4617488384
test,0.5070878267,0.2164304256,2.8479351997
test,0.9050561190,0.2060812712,1.3998166323
test,-0.9609254599,0.1983776093,0.9202642441
test,-0.1036376953,0.1770716906,0.7493785620
test,-0.4737186432,-0.6279511452,0.5475668311
test,0.0695329905,-0.0812098980,1.2502033710
test,-0.3601810932,-0.6573736668,0.6231743097
test,0.1203252077,0.1289554834,1.4706490040
test,0.4498685598,-0.6984235048,4.3728680611
test,-0.5055913925,0.6900497675,0.5923385024
test,0.2821896076,-0.9555292130,5.4081974030
test,-0.6419826746,0.1631023884,0.4166307151
test,-0.7534197569,-0.6904700994,0.8003387451
test,0.0954474211,-0.5498247147,1.8179157972
test,0.6905543804,-0.3225907087,2.5349276066
test,-0.3160647154,0.7636300325,0.7752975821
test,0.8624589443,-0.5781453848,2.1234219074
test,-0.4939266443,-0.2479680777,0.3912808001
test,0.1691775322,-0.7209085226,2.7913484573
test,-0.3934034109,-0.4440920353,0.4736763537
test,-0.1065595150,0.8795740604,1.5606490374
test,-0.9252882004,0.0606759787,0.7954214215
test,0.8902651072,-0.5376484394,1.8720233440
test,-0.2401213646,0.1856400967,0.5218564272
test,-0.1389044523,0.6425246000,0.9902234077
test,0.2120862007,0.6690380573,2.9028253555
test,0.3362544775,0.8680466413,5.0737614632
test,-0.5009250641,0.0275119543,0.3681595623
test,-0.3366197348,-0.1030350924,0.4229398966
test,0.6545127630,0.2193984985,2.5411493778
test,0.8196527958,-0.0057494640,1.7104909420
test,-0.0643868446,-0.9443206787,1.9953927994
test,-0.4794410467,0.5646167994,0.5070616007
test,0.7630875111,-0.4584956169,2.4294440746
test,0.6708639860,-0.0554535389,2.3689155579
test,-0.8965266943,-0.9596683979,1.8250133991
test,-0.8529579639,0.7598513365,1.1407464743
test,-0.6281983852,0.2414731979,0.4224524200
test,-0.2192599773,0.7695279121,0.9574729800
test,-0.9576621056,-0.1141060591,0.8872784972
test,-0.1387666464,-0.9002401829,1.4742689133
test,0.6744787693,-0.0819816589,2.3636703491
test,0.7127324343,-0.3178443909,2.4251408577
test,-0.0836899281,-0.4202240705,0.9200633764
test,0.9692598581,0.6419215202,1.6627721786
test,-0.1353423595,-0.3892577887,0.7703018785
test,0.2386286259,0.1692079306,2.0340552330
test,0.6178891659,-0.3713936806,2.9157598019
test,0.1158601046,-0.4239002466,1.7086312771
test,0.4965138435,-0.1236079931,2.7599678040
test,-0.6606686115,0.6037446260,0.6000242233
test,0.4177188873,0.4276651144,3.1571621895
test,0.1278203726,0.8842577934,3.2309176922
test,-0.9087215662,0.5733157396,1.0469125509
test,0.9431369305,0.4827069044,1.5078697205
test,0.9178103209,0.4602150917,1.5954325199
test,0.4471869469,-0.6515872478,4.0993695259
test,-0.5445722342,-0.7278871536,0.6310359836
test,-0.7955497503,-0.8854439259,1.2031857967
test,-0.9082362652,-0.7380654812,1.2974917889
test,-0.1639864445,0.6712388992,0.9587464333
test,0.2856408358,0.1946083307,2.2695012093
test,-0.9759992361,-0.3589811325,1.0549974442
test,0.1295880079,-0.2636741400,1.5927845240
test,-0.7700817585,0.9034311771,1.1677381992
test,-0.3988158703,-0.5389026403,0.5171179175
test,0.0381953716,-0.6682308912,1.7616292238
test,-0.6993834972,-0.5180950165,0.5817402005
test,-0.3837581873,-0.6172355413,0.5751765370
test,0.3752515316,0.3364565372,2.8218271732
test,0.6783781052,-0.7343485355,4.0000820160
test,-0.1183599234,-0.3113280535,0.7661296129
test,0.3144799471,0.4732141495,2.8830273151
test,0.5171353817,-0.0737785101,2.7291619778
test,-0.6409280300,0.2855160236,0.4395242333
test,-0.4080787897,0.1950324774,0.3982980549
test,-0.2001481056,-0.9029479027,1.2550221682
